index,Measuring_Station_ID,Location,Road_Name,Road,Air_Temperature,Wind_Speed,Wind_Direction,Precipitation_Type,Precipitation_Intensity,Road_Surface_Temperature,Dew_point,Road_Surface_Condition,Friction,Date,Time
0,7032,KIZ_A1_51.82-KOS,Vilnius–Kaunas–Klaipėda,A1,5.9,4.4,Vakarų,Nėra,0.0,6.7,2.36,Sausa,0.82,2023-11-13,15:17:18
1,6950,KIZ_A1_70.29-KOS,Vilnius–Kaunas–Klaipėda,A1,5.8,6.3,Vakarų,Nėra,0.0,7.0,2.62,Sausa,0.82,2023-11-13,15:17:16
2,7012,KIZ_A1_28.96,Vilnius–Kaunas–Klaipėda,A1,5.9,3.0,Pietvakarių,Nėra,0.0,5.4,3.06,Šlapia,0.77,2023-11-13,15:17:18
8,7081,KIZ_A1_91.35_KOS,Vilnius–Kaunas–Klaipėda,A1,5.8,2.9,Vakarų,Nėra,0.0,6.8,3.14,Drėgna,0.82,2023-11-13,15:17:23
10,6551,Ausieniškės,Vilnius–Kaunas–Klaipėda,A1,5.9,6.0,Pietvakarių,,,6.4,2.72,Sausa,0.82,2023-11-13,15:16:58
11,5351,Vilnius,Vilnius–Kaunas–Klaipėda,A1,5.4,1.2,Vakarų,Nėra,0.0,6.6,2.92,Sausa,0.82,2023-11-13,15:16:57
39,363,Raščiai,Vilnius–Kaunas–Klaipėda,A1,5.6,6.8,Pietvakarių,Migla,0.0,6.8,2.25,Sausa,0.82,2023-11-13,15:06:19
40,361,Kalnujai,Vilnius–Kaunas–Klaipėda,A1,5.8,5.1,Pietvakarių,,0.0,6.5,1.9,Sausa,0.82,2023-11-13,15:06:18
41,362,Viduklė,Vilnius–Kaunas–Klaipėda,A1,6.2,3.9,Pietvakarių,,0.0,7.5,2.65,Sausa,0.82,2023-11-13,15:06:19
42,367,Endriejavas,Vilnius–Kaunas–Klaipėda,A1,4.9,3.5,Vakarų,,0.0,5.3,2.26,Šlapia,0.69,2023-11-13,15:06:20
55,308,Vievis,Vilnius–Kaunas–Klaipėda,A1,5.7,3.8,Pietvakarių,Nėra,0.0,5.7,2.7,Šlapia,0.79,2023-11-13,15:15:29
58,310,IX fortas,Vilnius–Kaunas–Klaipėda,A1,5.5,4.3,Vakarų,"Lietus, silpnas",0.0,6.5,3.35,Šlapia,0.8,2023-11-13,15:15:30
100,1164,Didžiulio ež.,Vilnius–Kaunas–Klaipėda,A1,5.7,2.9,Vakarų,Nėra,0.0,6.7,2.52,Sausa,0.82,2023-11-13,15:15:00
122,1209,AMV,Vilnius–Kaunas–Klaipėda,A1,4.2,5.2,Pietvakarių,"Lietus, silpnas",0.3,5.0,2.23,Šlapia,0.72,2023-11-13,15:05:00
123,1208,Bačkonys,Vilnius–Kaunas–Klaipėda,A1,5.8,3.3,Šiaurės vakarų,Migla,0.0,6.9,2.79,Sausa,0.82,2023-11-13,15:15:00
124,1206,Babtai,Vilnius–Kaunas–Klaipėda,A1,6.4,4.3,Vakarų,Nėra,0.0,8.0,3.38,Sausa,0.82,2023-11-13,15:15:00
125,1204,Gargždai,Vilnius–Kaunas–Klaipėda,A1,6.5,3.0,Šiaurės vakarų,,,6.3,2.39,Sausa,0.82,2023-11-13,15:05:00
127,1201,Kvėdarna,Vilnius–Kaunas–Klaipėda,A1,4.7,5.2,Vakarų,Nėra,0.0,4.9,2.4,Šlapia,0.81,2023-11-13,15:05:00
128,1187,Klaipėda,Vilnius–Kaunas–Klaipėda,A1,5.8,3.1,Šiaurės rytų,Nėra,0.0,4.6,1.15,Sausa,0.82,2023-11-13,15:05:00
129,1185,Kryžkalnis,Vilnius–Kaunas–Klaipėda,A1,4.6,5.4,Vakarų,"Lietus, silpnas",0.0,5.6,2.62,Šlapia,0.74,2023-11-13,15:05:00
130,1183,Gynėvė,Vilnius–Kaunas–Klaipėda,A1,5.4,5.0,Pietvakarių,Nėra,0.0,,2.23,Sausa,0.82,2023-11-13,15:05:00
131,1181,Rumšiškės,Vilnius–Kaunas–Klaipėda,A1,5.9,4.4,Vakarų,"Lietus, silpnas",0.07,7.3,2.89,Sausa,0.82,2023-11-13,15:15:00
136,7032,KIZ_A1_51.82-KOS,Vilnius–Kaunas–Klaipėda,A1,4.2,2.4,Pietryčių,Nėra,0.0,6.1,2.07,Sausa,0.82,2023-11-13,22:16:45
137,7012,KIZ_A1_28.96,Vilnius–Kaunas–Klaipėda,A1,4.0,3.2,Pietryčių,Nėra,0.0,5.1,2.51,Šlapia,0.81,2023-11-13,22:16:45
138,6950,KIZ_A1_70.29-KOS,Vilnius–Kaunas–Klaipėda,A1,4.5,2.4,Pietryčių,Nėra,0.0,6.1,2.53,Sausa,0.82,2023-11-13,22:16:44
141,7081,KIZ_A1_91.35_KOS,Vilnius–Kaunas–Klaipėda,A1,5.4,1.7,Rytų,Nėra,0.0,7.1,2.05,Sausa,0.82,2023-11-13,22:16:45
145,6551,Ausieniškės,Vilnius–Kaunas–Klaipėda,A1,4.5,2.5,Rytų,,,5.8,2.53,Sausa,0.82,2023-11-13,22:16:36
147,5351,Vilnius,Vilnius–Kaunas–Klaipėda,A1,3.8,1.5,Pietryčių,Migla,0.0,6.5,2.31,Sausa,0.82,2023-11-13,22:16:36
177,362,Viduklė,Vilnius–Kaunas–Klaipėda,A1,2.4,2.4,Šiaurės rytų,,0.0,4.4,2.4,Sausa,0.82,2023-11-13,22:07:26
178,367,Endriejavas,Vilnius–Kaunas–Klaipėda,A1,3.5,3.5,Pietryčių,,0.0,5.0,2.32,Sausa,0.82,2023-11-13,22:07:27
181,363,Raščiai,Vilnius–Kaunas–Klaipėda,A1,2.7,2.9,Šiaurės rytų,Migla,0.0,4.9,2.56,Sausa,0.82,2023-11-13,22:07:26
182,361,Kalnujai,Vilnius–Kaunas–Klaipėda,A1,2.6,1.8,Šiaurės,,0.0,4.8,2.32,Sausa,0.82,2023-11-13,22:07:22
186,308,Vievis,Vilnius–Kaunas–Klaipėda,A1,3.8,1.3,Rytų,Migla,0.0,8.7,2.47,Sausa,0.82,2023-11-13,22:15:31
196,310,IX fortas,Vilnius–Kaunas–Klaipėda,A1,4.1,2.7,Pietryčių,Migla,0.0,6.3,1.97,Sausa,0.82,2023-11-13,22:15:31
241,1164,Didžiulio ež.,Vilnius–Kaunas–Klaipėda,A1,3.7,1.9,Pietryčių,Nėra,0.0,6.0,2.06,Sausa,0.82,2023-11-13,22:15:00
258,1209,AMV,Vilnius–Kaunas–Klaipėda,A1,2.2,2.3,Šiaurės rytų,Migla,0.0,3.9,2.2,Sausa,0.82,2023-11-13,21:50:00
259,1208,Bačkonys,Vilnius–Kaunas–Klaipėda,A1,4.2,0.9,Pietvakarių,Migla,0.0,6.4,2.71,Sausa,0.82,2023-11-13,22:10:07
260,1206,Babtai,Vilnius–Kaunas–Klaipėda,A1,4.2,1.6,Rytų,Migla,0.0,6.1,2.71,Sausa,0.82,2023-11-13,22:15:00
261,1204,Gargždai,Vilnius–Kaunas–Klaipėda,A1,4.4,2.4,Pietų,,,5.7,3.06,Sausa,0.82,2023-11-13,22:05:03
262,1201,Kvėdarna,Vilnius–Kaunas–Klaipėda,A1,3.2,3.9,Pietryčių,Nėra,0.0,4.4,2.03,Sausa,0.82,2023-11-13,21:50:00
264,1187,Klaipėda,Vilnius–Kaunas–Klaipėda,A1,4.7,2.9,Pietvakarių,Nėra,0.0,7.4,2.72,Sausa,0.82,2023-11-13,22:05:00
265,1185,Kryžkalnis,Vilnius–Kaunas–Klaipėda,A1,2.2,3.4,Rytų,Rūkas,0.0,4.3,2.2,Sausa,0.82,2023-11-13,22:05:00
266,1183,Gynėvė,Vilnius–Kaunas–Klaipėda,A1,3.0,1.3,Rytų,Migla,0.0,,2.28,Sausa,0.82,2023-11-13,22:05:03
267,1181,Rumšiškės,Vilnius–Kaunas–Klaipėda,A1,4.3,2.2,Rytų,Nėra,0.0,6.2,2.96,Sausa,0.82,2023-11-13,22:15:00
273,6950,KIZ_A1_70.29-KOS,Vilnius–Kaunas–Klaipėda,A1,4.6,2.8,Pietryčių,Nėra,0.0,6.2,1.96,Sausa,0.82,2023-11-14,09:25:04
274,7012,KIZ_A1_28.96,Vilnius–Kaunas–Klaipėda,A1,4.4,1.8,Rytų,Nėra,0.0,5.2,2.1,Sausa,0.82,2023-11-14,09:25:04
275,7032,KIZ_A1_51.82-KOS,Vilnius–Kaunas–Klaipėda,A1,4.8,1.6,Rytų,Nėra,0.0,6.2,1.82,Sausa,0.82,2023-11-14,09:25:04
280,7081,KIZ_A1_91.35_KOS,Vilnius–Kaunas–Klaipėda,A1,4.8,2.0,Rytų,Nėra,0.0,6.3,1.99,Sausa,0.82,2023-11-14,09:25:04
281,6551,Ausieniškės,Vilnius–Kaunas–Klaipėda,A1,5.1,1.4,Pietryčių,,,6.3,2.28,Sausa,0.82,2023-11-14,09:25:00
283,5351,Vilnius,Vilnius–Kaunas–Klaipėda,A1,4.3,1.0,Rytų,Nėra,0.0,6.3,2.33,Sausa,0.82,2023-11-14,09:25:00
315,363,Raščiai,Vilnius–Kaunas–Klaipėda,A1,3.7,2.7,Šiaurės rytų,Migla,0.0,5.9,2.82,Sausa,0.82,2023-11-14,09:22:22
316,361,Kalnujai,Vilnius–Kaunas–Klaipėda,A1,3.6,2.3,Šiaurės rytų,,0.0,5.7,2.73,Sausa,0.82,2023-11-14,09:22:19
317,362,Viduklė,Vilnius–Kaunas–Klaipėda,A1,3.1,2.5,Rytų,,0.0,5.0,2.38,Sausa,0.82,2023-11-14,09:22:20
318,367,Endriejavas,Vilnius–Kaunas–Klaipėda,A1,3.8,2.2,Rytų,,0.0,5.6,2.31,Sausa,0.82,2023-11-14,09:22:23
322,308,Vievis,Vilnius–Kaunas–Klaipėda,A1,4.0,1.9,Šiaurės rytų,Nėra,0.0,8.8,1.87,Sausa,0.82,2023-11-14,09:25:00
332,310,IX fortas,Vilnius–Kaunas–Klaipėda,A1,5.1,2.4,Rytų,Nėra,0.0,7.0,2.11,Sausa,0.82,2023-11-14,09:25:00
376,1164,Didžiulio ež.,Vilnius–Kaunas–Klaipėda,A1,4.5,0.9,Šiaurės,Nėra,0.0,6.3,1.87,Sausa,0.82,2023-11-14,09:25:00
394,1209,AMV,Vilnius–Kaunas–Klaipėda,A1,2.0,2.5,Šiaurės rytų,Nėra,0.0,4.2,2.0,Sausa,0.82,2023-11-14,09:20:00
395,1208,Bačkonys,Vilnius–Kaunas–Klaipėda,A1,4.6,0.9,Pietų,Migla,0.0,6.7,2.13,Sausa,0.82,2023-11-14,09:25:03
396,1206,Babtai,Vilnius–Kaunas–Klaipėda,A1,4.8,1.4,Rytų,Migla,0.0,6.8,2.82,Sausa,0.82,2023-11-14,09:25:00
397,1204,Gargždai,Vilnius–Kaunas–Klaipėda,A1,4.7,2.3,Pietryčių,,,6.1,2.56,Sausa,0.82,2023-11-14,09:20:01
398,1201,Kvėdarna,Vilnius–Kaunas–Klaipėda,A1,3.2,3.2,Pietryčių,Migla,0.0,4.7,2.48,Sausa,0.82,2023-11-14,09:20:00
400,1187,Klaipėda,Vilnius–Kaunas–Klaipėda,A1,4.7,2.6,Pietvakarių,Nėra,0.0,6.6,2.56,Sausa,0.82,2023-11-14,09:20:00
401,1185,Kryžkalnis,Vilnius–Kaunas–Klaipėda,A1,2.3,3.0,Rytų,Nėra,0.0,5.3,2.3,Sausa,0.82,2023-11-14,09:20:00
402,1183,Gynėvė,Vilnius–Kaunas–Klaipėda,A1,3.5,1.6,Šiaurės rytų,Migla,0.0,,2.48,Sausa,0.82,2023-11-14,09:20:00
403,1181,Rumšiškės,Vilnius–Kaunas–Klaipėda,A1,4.6,2.2,Rytų,Nėra,0.0,6.6,2.79,Sausa,0.82,2023-11-14,09:25:00
408,7032,KIZ_A1_51.82-KOS,Vilnius–Kaunas–Klaipėda,A1,4.0,1.5,Rytų,Nėra,0.0,5.5,1.54,Sausa,0.82,2023-11-14,15:25:29
409,7012,KIZ_A1_28.96,Vilnius–Kaunas–Klaipėda,A1,4.6,1.3,Rytų,Nėra,0.0,4.6,2.46,Drėgna,0.82,2023-11-14,15:25:29
410,6950,KIZ_A1_70.29-KOS,Vilnius–Kaunas–Klaipėda,A1,4.2,2.6,Pietryčių,Nėra,0.0,5.4,2.07,Sausa,0.82,2023-11-14,15:25:29
412,7081,KIZ_A1_91.35_KOS,Vilnius–Kaunas–Klaipėda,A1,4.9,1.6,Rytų,Nėra,0.0,6.0,2.59,Sausa,0.82,2023-11-14,15:25:30
417,6551,Ausieniškės,Vilnius–Kaunas–Klaipėda,A1,4.3,1.6,Rytų,,,5.3,2.17,Sausa,0.82,2023-11-14,15:25:25
419,5351,Vilnius,Vilnius–Kaunas–Klaipėda,A1,4.2,1.4,Rytų,Nėra,0.0,5.9,2.23,Sausa,0.82,2023-11-14,15:25:25
451,367,Endriejavas,Vilnius–Kaunas–Klaipėda,A1,3.6,1.2,Rytų,,0.0,4.9,2.11,Sausa,0.82,2023-11-14,15:22:28
452,361,Kalnujai,Vilnius–Kaunas–Klaipėda,A1,3.7,2.6,Šiaurės rytų,,0.0,5.3,2.52,Sausa,0.82,2023-11-14,15:22:25
453,362,Viduklė,Vilnius–Kaunas–Klaipėda,A1,3.6,2.0,Šiaurės rytų,,0.0,4.7,2.42,Sausa,0.82,2023-11-14,15:22:27
455,363,Raščiai,Vilnius–Kaunas–Klaipėda,A1,3.4,3.3,Šiaurės rytų,Migla,0.0,5.3,2.53,Sausa,0.82,2023-11-14,15:22:27
458,308,Vievis,Vilnius–Kaunas–Klaipėda,A1,4.2,0.6,Rytų,Nėra,0.0,7.6,2.23,Sausa,0.82,2023-11-14,15:25:16
468,310,IX fortas,Vilnius–Kaunas–Klaipėda,A1,4.9,1.8,Šiaurės rytų,Nėra,0.0,6.2,2.43,Sausa,0.82,2023-11-14,15:25:16
513,1164,Didžiulio ež.,Vilnius–Kaunas–Klaipėda,A1,4.6,1.2,Pietryčių,Nėra,0.0,5.8,2.46,Sausa,0.82,2023-11-14,15:25:10
530,1209,AMV,Vilnius–Kaunas–Klaipėda,A1,2.4,4.0,Šiaurės rytų,Migla,0.0,4.0,1.83,Sausa,0.82,2023-11-14,15:20:00
531,1208,Bačkonys,Vilnius–Kaunas–Klaipėda,A1,4.3,1.7,Pietryčių,Migla,0.0,5.9,2.0,Sausa,0.82,2023-11-14,15:25:11
532,1206,Babtai,Vilnius–Kaunas–Klaipėda,A1,4.0,1.4,Rytų,Migla,0.0,5.5,2.51,Sausa,0.82,2023-11-14,15:25:11
533,1204,Gargždai,Vilnius–Kaunas–Klaipėda,A1,4.7,1.2,Pietryčių,,,5.8,2.88,Sausa,0.82,2023-11-14,15:20:00
534,1201,Kvėdarna,Vilnius–Kaunas–Klaipėda,A1,3.0,3.1,Rytų,Nėra,0.0,4.2,1.68,Sausa,0.82,2023-11-14,15:20:00
536,1187,Klaipėda,Vilnius–Kaunas–Klaipėda,A1,4.4,4.7,Pietvakarių,Nėra,0.0,5.8,2.1,Sausa,0.82,2023-11-14,15:20:00
537,1185,Kryžkalnis,Vilnius–Kaunas–Klaipėda,A1,2.9,3.1,Rytų,Migla,0.0,4.7,2.33,Sausa,0.82,2023-11-14,15:20:00
538,1183,Gynėvė,Vilnius–Kaunas–Klaipėda,A1,3.4,2.2,Šiaurės rytų,Migla,0.0,,2.07,Sausa,0.82,2023-11-14,15:20:00
539,1181,Rumšiškės,Vilnius–Kaunas–Klaipėda,A1,4.4,2.5,Rytų,Nėra,0.0,5.8,2.43,Sausa,0.82,2023-11-14,15:25:10
544,7032,KIZ_A1_51.82-KOS,Vilnius–Kaunas–Klaipėda,A1,3.3,3.4,Šiaurės rytų,"Lietus, silpnas",0.17,4.3,1.82,Sausa,0.82,2023-11-14,21:27:53
545,7012,KIZ_A1_28.96,Vilnius–Kaunas–Klaipėda,A1,3.9,1.4,Šiaurės rytų,Dulksna,0.25,4.0,2.72,Drėgna,0.82,2023-11-14,21:27:52
546,6950,KIZ_A1_70.29-KOS,Vilnius–Kaunas–Klaipėda,A1,3.4,2.5,Rytų,Nėra,0.0,3.9,2.38,Šlapia,0.74,2023-11-14,21:27:52
551,6551,Ausieniškės,Vilnius–Kaunas–Klaipėda,A1,3.6,3.2,Šiaurės rytų,,,4.1,2.42,Drėgna,0.82,2023-11-14,21:27:47
552,7081,KIZ_A1_91.35_KOS,Vilnius–Kaunas–Klaipėda,A1,3.0,1.2,Šiaurės rytų,"Lietus, silpnas",0.23,4.0,2.28,Šlapia,0.76,2023-11-14,21:27:54
555,5351,Vilnius,Vilnius–Kaunas–Klaipėda,A1,3.8,1.0,Rytų,Nėra,0.0,5.0,2.31,Sausa,0.82,2023-11-14,21:27:47
587,367,Endriejavas,Vilnius–Kaunas–Klaipėda,A1,3.2,4.6,Šiaurės rytų,,0.0,3.6,1.56,Sausa,0.82,2023-11-14,21:16:14
588,363,Raščiai,Vilnius–Kaunas–Klaipėda,A1,2.9,4.4,Šiaurės rytų,"Lietus, silpnas",0.45,3.5,2.33,Šlapia,0.68,2023-11-14,21:16:12
589,361,Kalnujai,Vilnius–Kaunas–Klaipėda,A1,3.1,2.7,Šiaurės,,0.16,3.9,2.08,Šlapia,0.73,2023-11-14,21:16:10
590,362,Viduklė,Vilnius–Kaunas–Klaipėda,A1,2.9,3.0,Šiaurės rytų,,0.19,3.2,1.88,Šlapia,0.73,2023-11-14,21:16:11
593,308,Vievis,Vilnius–Kaunas–Klaipėda,A1,3.7,1.3,Šiaurės rytų,"Lietus, silpnas",0.13,6.1,2.67,Sausa,0.82,2023-11-14,21:25:21
604,310,IX fortas,Vilnius–Kaunas–Klaipėda,A1,3.2,1.9,Šiaurės rytų,"Lietus, silpnas",0.22,4.2,2.62,Šlapia,0.71,2023-11-14,21:25:21
650,1164,Didžiulio ež.,Vilnius–Kaunas–Klaipėda,A1,4.1,0.7,Rytų,Dulksna,0.07,4.8,2.61,Sausa,0.82,2023-11-14,21:25:00
666,1209,AMV,Vilnius–Kaunas–Klaipėda,A1,2.4,5.0,Šiaurės rytų,"Lietus, silpnas",0.01,2.7,1.68,Šlapia,0.72,2023-11-14,21:15:00
667,1208,Bačkonys,Vilnius–Kaunas–Klaipėda,A1,3.7,1.4,Pietryčių,Dulksna,0.31,4.3,2.67,Šlapia,0.76,2023-11-14,21:20:00
668,1206,Babtai,Vilnius–Kaunas–Klaipėda,A1,3.4,1.5,Rytų,"Lietus, silpnas",0.09,4.3,2.23,Šlapia,0.78,2023-11-14,21:25:00
669,1204,Gargždai,Vilnius–Kaunas–Klaipėda,A1,4.0,1.7,Rytų,,,4.3,2.03,Sausa,0.82,2023-11-14,21:15:00
670,1201,Kvėdarna,Vilnius–Kaunas–Klaipėda,A1,2.9,4.3,Rytų,Nėra,0.0,2.9,1.58,Sausa,0.82,2023-11-14,21:15:00
672,1187,Klaipėda,Vilnius–Kaunas–Klaipėda,A1,3.8,5.7,Pietų,Nėra,0.0,4.3,1.84,Sausa,0.82,2023-11-14,21:15:00
673,1185,Kryžkalnis,Vilnius–Kaunas–Klaipėda,A1,2.5,3.6,Rytų,"Lietus, silpnas",0.05,3.0,2.07,Šlapia,0.7,2023-11-14,21:15:00
674,1183,Gynėvė,Vilnius–Kaunas–Klaipėda,A1,2.8,2.7,Šiaurės rytų,"Lietus, silpnas",0.26,,2.08,Šlapia,0.68,2023-11-14,21:15:00
675,1181,Rumšiškės,Vilnius–Kaunas–Klaipėda,A1,3.3,3.0,Šiaurės rytų,Dulksna,0.19,4.1,2.72,Šlapia,0.73,2023-11-14,21:25:00
680,7032,KIZ_A1_51.82-KOS,Vilnius–Kaunas–Klaipėda,A1,3.3,4.1,Šiaurės rytų,Nėra,0.0,4.4,2.28,Šlapia,0.73,2023-11-15,09:32:01
681,6950,KIZ_A1_70.29-KOS,Vilnius–Kaunas–Klaipėda,A1,3.6,4.2,Šiaurės rytų,Dulksna,0.1,4.0,2.42,Šlapia,0.79,2023-11-15,09:32:00
682,7012,KIZ_A1_28.96,Vilnius–Kaunas–Klaipėda,A1,3.4,2.4,Šiaurės rytų,"Lietus, silpnas",0.02,3.7,2.68,Šlapia,0.68,2023-11-15,09:32:01
692,5351,Vilnius,Vilnius–Kaunas–Klaipėda,A1,3.2,1.2,Rytų,"Lietus, silpnas",0.15,4.5,2.77,Šlapia,0.74,2023-11-15,09:31:50
694,6551,Ausieniškės,Vilnius–Kaunas–Klaipėda,A1,3.4,4.0,Šiaurės rytų,,,3.9,2.68,Šlapia,0.67,2023-11-15,09:31:50
695,7081,KIZ_A1_91.35_KOS,Vilnius–Kaunas–Klaipėda,A1,3.3,1.5,Šiaurės rytų,"Lietus, silpnas",0.05,4.1,2.43,Šlapia,0.81,2023-11-15,09:32:03
723,367,Endriejavas,Vilnius–Kaunas–Klaipėda,A1,2.2,4.9,Šiaurės rytų,,0.0,2.9,-0.06,Sausa,0.82,2023-11-15,09:22:10
724,361,Kalnujai,Vilnius–Kaunas–Klaipėda,A1,2.3,2.6,Šiaurės,,0.14,3.1,0.52,Šlapia,0.77,2023-11-15,09:22:04
725,362,Viduklė,Vilnius–Kaunas–Klaipėda,A1,2.5,4.1,Šiaurės,,0.0,2.6,-0.09,Šlapia,0.8,2023-11-15,09:22:08
726,363,Raščiai,Vilnius–Kaunas–Klaipėda,A1,1.6,5.5,Šiaurės,"Sniegas, silpnas",0.1,2.2,0.59,Šlapia,0.67,2023-11-15,09:22:08
731,308,Vievis,Vilnius–Kaunas–Klaipėda,A1,3.3,2.4,Šiaurės rytų,"Lietus, silpnas",0.18,4.9,2.72,Šlapia,0.7,2023-11-15,09:30:16
758,310,IX fortas,Vilnius–Kaunas–Klaipėda,A1,3.2,3.2,Šiaurės rytų,"Lietus, silpnas",0.08,4.2,2.03,Šlapia,0.77,2023-11-15,09:30:18
785,1164,Didžiulio ež.,Vilnius–Kaunas–Klaipėda,A1,3.5,1.3,Rytų,"Lietus, silpnas",0.11,4.2,2.63,Šlapia,0.76,2023-11-15,09:30:00
802,1209,AMV,Vilnius–Kaunas–Klaipėda,A1,1.9,3.8,Šiaurės,Nėra,0.0,2.8,-0.19,Sausa,0.82,2023-11-15,09:20:00
803,1208,Bačkonys,Vilnius–Kaunas–Klaipėda,A1,3.6,1.2,Rytų,Dulksna,0.23,4.5,3.02,Šlapia,0.69,2023-11-15,09:30:00
804,1206,Babtai,Vilnius–Kaunas–Klaipėda,A1,2.7,3.0,Šiaurės rytų,"Lietus, silpnas",0.01,3.6,0.76,Šlapia,0.79,2023-11-15,09:30:00
805,1204,Gargždai,Vilnius–Kaunas–Klaipėda,A1,3.1,3.4,Šiaurės rytų,,,3.7,0.33,Sausa,0.82,2023-11-15,09:20:00
806,1201,Kvėdarna,Vilnius–Kaunas–Klaipėda,A1,2.2,5.7,Šiaurės rytų,Nėra,0.0,2.8,0.26,Sausa,0.82,2023-11-15,09:20:00
808,1187,Klaipėda,Vilnius–Kaunas–Klaipėda,A1,3.0,4.2,Pietryčių,Nėra,0.0,3.9,0.4,Sausa,0.82,2023-11-15,09:20:00
809,1185,Kryžkalnis,Vilnius–Kaunas–Klaipėda,A1,2.0,4.9,Šiaurės rytų,Migla,0.0,2.5,0.07,Šlapia,0.81,2023-11-15,09:20:01
810,1183,Gynėvė,Vilnius–Kaunas–Klaipėda,A1,1.5,3.3,Šiaurės,"Sniegas, silpnas",0.08,,0.04,Šlapia,0.7,2023-11-15,09:20:00
811,1181,Rumšiškės,Vilnius–Kaunas–Klaipėda,A1,3.6,3.9,Šiaurės rytų,Migla,0.0,4.2,2.73,Šlapia,0.8,2023-11-15,09:30:00
3,7334,"KOS A5 40,65 km",Kaunas–Marijampolė–Suvalkai,A5,6.4,7.8,,,0.0,7.1,2.85,Sausa,0.82,2023-11-13,15:07:55
4,7335,"KOS A5 44,48 km",Kaunas–Marijampolė–Suvalkai,A5,6.4,4.4,,,0.0,6.9,2.66,Sausa,0.82,2023-11-13,15:07:55
5,7336,"KOS A5 55,62 km",Kaunas–Marijampolė–Suvalkai,A5,6.4,3.9,Vakarų,Nėra,0.0,7.0,2.85,Sausa,0.82,2023-11-13,15:07:55
6,7331,"KOS A5 12,2 km",Kaunas–Marijampolė–Suvalkai,A5,6.0,3.3,,,0.39,6.8,3.16,Šlapia,0.8,2023-11-13,15:07:54
7,7332,"KOS A5 21,86 km",Kaunas–Marijampolė–Suvalkai,A5,5.6,5.6,Šiaurės vakarų,,0.0,6.0,2.77,Drėgna,0.82,2023-11-13,15:07:54
9,5352,Vilijampolė,Kaunas–Marijampolė–Suvalkai,A5,5.4,3.4,Vakarų,"Lietus, silpnas",0.0,6.5,4.05,Šlapia,0.77,2023-11-13,15:07:29
15,2727,Raudondvario pl.,Kaunas–Marijampolė–Suvalkai,A5,5.5,,,,,6.8,3.83,Šlapia,0.82,2023-11-13,15:15:00
63,413,Garliava,Kaunas–Marijampolė–Suvalkai,A5,6.2,5.0,Pietvakarių,Migla,0.0,7.3,3.01,Sausa,0.82,2023-11-13,15:16:27
64,412,Skriaudžiai,Kaunas–Marijampolė–Suvalkai,A5,5.9,4.3,Vakarų,Nėra,0.0,6.3,3.57,Šlapia,0.79,2023-11-13,15:16:27
89,1071,Puskelniai,Kaunas–Marijampolė–Suvalkai,A5,6.5,5.5,Pietvakarių,,,,2.76,Sausa,0.82,2023-11-13,15:15:06
94,1004,Kalvarija,Kaunas–Marijampolė–Suvalkai,A5,5.6,1.8,Vakarų,,,6.1,2.77,Šlapia,0.8,2023-11-13,15:15:00
139,7336,"KOS A5 55,62 km",Kaunas–Marijampolė–Suvalkai,A5,4.2,2.9,Pietryčių,Nėra,0.0,6.9,2.07,Sausa,0.82,2023-11-13,22:10:26
140,7335,"KOS A5 44,48 km",Kaunas–Marijampolė–Suvalkai,A5,4.8,2.1,,,0.0,6.2,2.16,Sausa,0.82,2023-11-13,22:10:26
142,7331,"KOS A5 12,2 km",Kaunas–Marijampolė–Suvalkai,A5,4.3,3.2,,,0.0,7.3,2.17,Sausa,0.82,2023-11-13,22:10:25
143,7332,"KOS A5 21,86 km",Kaunas–Marijampolė–Suvalkai,A5,3.6,2.9,Pietų,,0.0,6.1,2.27,Sausa,0.82,2023-11-13,22:10:26
144,7334,"KOS A5 40,65 km",Kaunas–Marijampolė–Suvalkai,A5,4.6,2.6,,,0.0,6.9,2.62,Sausa,0.82,2023-11-13,22:10:26
146,5352,Vilijampolė,Kaunas–Marijampolė–Suvalkai,A5,4.7,2.3,Pietryčių,Nėra,0.0,7.0,2.56,Sausa,0.82,2023-11-13,22:09:54
151,2727,Raudondvario pl.,Kaunas–Marijampolė–Suvalkai,A5,4.9,,,,,6.9,2.43,Sausa,0.82,2023-11-13,22:15:00
199,413,Garliava,Kaunas–Marijampolė–Suvalkai,A5,3.7,2.9,Rytų,Migla,0.0,6.3,2.21,Sausa,0.82,2023-11-13,22:15:54
200,412,Skriaudžiai,Kaunas–Marijampolė–Suvalkai,A5,4.1,1.9,Rytų,Migla,0.0,6.7,2.76,Sausa,0.82,2023-11-13,21:55:00
227,1071,Puskelniai,Kaunas–Marijampolė–Suvalkai,A5,4.7,2.6,Šiaurės rytų,,,,2.4,Sausa,0.82,2023-11-13,22:15:00
233,1004,Kalvarija,Kaunas–Marijampolė–Suvalkai,A5,3.6,1.5,Pietryčių,,,4.3,1.8,Šlapia,0.8,2023-11-13,22:15:03
272,7336,"KOS A5 55,62 km",Kaunas–Marijampolė–Suvalkai,A5,4.9,2.8,Pietryčių,"Lietus, silpnas",0.01,6.5,2.26,Sausa,0.82,2023-11-14,09:24:07
276,7332,"KOS A5 21,86 km",Kaunas–Marijampolė–Suvalkai,A5,4.5,1.9,Pietų,,0.0,6.7,2.03,Sausa,0.82,2023-11-14,09:24:05
277,7334,"KOS A5 40,65 km",Kaunas–Marijampolė–Suvalkai,A5,4.9,2.6,,,0.0,6.7,3.24,Sausa,0.82,2023-11-14,09:24:06
278,7335,"KOS A5 44,48 km",Kaunas–Marijampolė–Suvalkai,A5,4.8,1.9,,,0.0,6.1,2.66,Sausa,0.82,2023-11-14,09:24:06
279,7331,"KOS A5 12,2 km",Kaunas–Marijampolė–Suvalkai,A5,5.3,2.2,,,0.0,7.7,2.48,Sausa,0.82,2023-11-14,09:24:00
282,5352,Vilijampolė,Kaunas–Marijampolė–Suvalkai,A5,5.7,1.8,Rytų,Nėra,0.0,7.8,2.52,Sausa,0.82,2023-11-14,09:23:06
287,2727,Raudondvario pl.,Kaunas–Marijampolė–Suvalkai,A5,5.8,,,,,7.5,2.44,Sausa,0.82,2023-11-14,09:25:00
335,413,Garliava,Kaunas–Marijampolė–Suvalkai,A5,4.7,2.0,Šiaurės rytų,Migla,0.0,7.0,2.23,Sausa,0.82,2023-11-14,09:25:00
336,412,Skriaudžiai,Kaunas–Marijampolė–Suvalkai,A5,4.1,1.9,Rytų,Migla,0.0,6.7,2.76,Sausa,0.82,2023-11-14,07:40:00
364,1071,Puskelniai,Kaunas–Marijampolė–Suvalkai,A5,5.4,2.1,Rytų,,,,2.75,Sausa,0.82,2023-11-14,09:25:00
366,1004,Kalvarija,Kaunas–Marijampolė–Suvalkai,A5,3.2,1.6,Pietryčių,,,4.0,2.33,Šlapia,0.76,2023-11-14,09:25:00
411,7336,"KOS A5 55,62 km",Kaunas–Marijampolė–Suvalkai,A5,4.7,2.0,Pietryčių,Nėra,0.0,6.0,2.4,Sausa,0.82,2023-11-14,15:25:12
413,7331,"KOS A5 12,2 km",Kaunas–Marijampolė–Suvalkai,A5,4.9,2.1,,,0.0,6.6,2.76,Sausa,0.82,2023-11-14,15:25:09
414,7332,"KOS A5 21,86 km",Kaunas–Marijampolė–Suvalkai,A5,4.7,2.7,Pietų,,0.0,6.0,2.23,Sausa,0.82,2023-11-14,15:25:09
415,7334,"KOS A5 40,65 km",Kaunas–Marijampolė–Suvalkai,A5,4.6,1.7,,,0.0,5.7,2.62,Sausa,0.82,2023-11-14,15:25:12
416,7335,"KOS A5 44,48 km",Kaunas–Marijampolė–Suvalkai,A5,4.5,1.9,,,0.0,5.3,2.2,Sausa,0.82,2023-11-14,15:25:12
418,5352,Vilijampolė,Kaunas–Marijampolė–Suvalkai,A5,5.3,2.2,Rytų,Nėra,0.0,6.7,2.65,Sausa,0.82,2023-11-14,15:24:31
424,2727,Raudondvario pl.,Kaunas–Marijampolė–Suvalkai,A5,5.4,,,,,6.4,2.75,Sausa,0.82,2023-11-14,15:25:16
471,413,Garliava,Kaunas–Marijampolė–Suvalkai,A5,4.9,1.8,Rytų,Migla,0.0,6.2,2.43,Sausa,0.82,2023-11-14,15:25:20
472,412,Skriaudžiai,Kaunas–Marijampolė–Suvalkai,A5,4.6,2.8,Rytų,Nėra,0.0,6.0,2.46,Sausa,0.82,2023-11-14,15:25:20
499,1071,Puskelniai,Kaunas–Marijampolė–Suvalkai,A5,5.0,2.5,Rytų,,,,2.69,Sausa,0.82,2023-11-14,15:25:10
502,1004,Kalvarija,Kaunas–Marijampolė–Suvalkai,A5,3.1,0.9,Pietryčių,,,3.6,2.38,Šlapia,0.78,2023-11-14,15:25:04
547,7335,"KOS A5 44,48 km",Kaunas–Marijampolė–Suvalkai,A5,3.7,1.7,,,0.0,4.1,3.12,Šlapia,0.81,2023-11-14,21:18:21
548,7336,"KOS A5 55,62 km",Kaunas–Marijampolė–Suvalkai,A5,3.7,3.1,Pietryčių,Dulksna,0.11,4.4,2.67,Šlapia,0.81,2023-11-14,21:18:21
549,7332,"KOS A5 21,86 km",Kaunas–Marijampolė–Suvalkai,A5,3.6,3.5,Pietryčių,,0.02,4.5,3.02,Šlapia,0.75,2023-11-14,21:18:18
550,7334,"KOS A5 40,65 km",Kaunas–Marijampolė–Suvalkai,A5,3.9,2.6,,,0.0,4.4,3.17,Šlapia,0.79,2023-11-14,21:18:20
553,7331,"KOS A5 12,2 km",Kaunas–Marijampolė–Suvalkai,A5,3.5,2.9,,,0.35,4.6,2.63,Šlapia,0.79,2023-11-14,21:18:17
556,5352,Vilijampolė,Kaunas–Marijampolė–Suvalkai,A5,3.8,1.9,Rytų,"Lietus, silpnas",0.0,4.7,2.92,Šlapia,0.76,2023-11-14,21:17:02
559,2727,Raudondvario pl.,Kaunas–Marijampolė–Suvalkai,A5,3.7,,,,,4.5,3.12,Šlapia,0.81,2023-11-14,21:25:00
607,412,Skriaudžiai,Kaunas–Marijampolė–Suvalkai,A5,3.9,2.2,Rytų,"Lietus, silpnas",0.0,4.8,3.32,Šlapia,0.78,2023-11-14,21:25:45
608,413,Garliava,Kaunas–Marijampolė–Suvalkai,A5,3.6,2.4,Šiaurės rytų,Lietus su sniegu,3.38,4.7,3.02,Šlapia,0.7,2023-11-14,21:25:45
635,1004,Kalvarija,Kaunas–Marijampolė–Suvalkai,A5,2.5,1.1,Rytų,,,3.2,2.5,Šlapia,0.69,2023-11-14,21:25:00
637,1071,Puskelniai,Kaunas–Marijampolė–Suvalkai,A5,3.9,2.2,Rytų,,,,3.02,Sausa,0.82,2023-11-14,21:25:00
683,7336,"KOS A5 55,62 km",Kaunas–Marijampolė–Suvalkai,A5,3.7,3.4,Rytų,"Lietus, silpnas",0.0,4.8,3.12,Šlapia,0.79,2023-11-15,09:23:51
684,7335,"KOS A5 44,48 km",Kaunas–Marijampolė–Suvalkai,A5,3.6,3.4,,,0.0,4.2,3.02,Šlapia,0.81,2023-11-15,09:23:51
685,7334,"KOS A5 40,65 km",Kaunas–Marijampolė–Suvalkai,A5,3.8,4.0,,,0.0,4.4,3.22,Šlapia,0.79,2023-11-15,09:23:50
686,7332,"KOS A5 21,86 km",Kaunas–Marijampolė–Suvalkai,A5,3.5,3.2,Rytų,,0.05,4.4,2.92,Šlapia,0.77,2023-11-15,09:23:50
687,7331,"KOS A5 12,2 km",Kaunas–Marijampolė–Suvalkai,A5,3.6,4.0,,,0.4,4.3,2.58,Šlapia,0.8,2023-11-15,09:23:50
688,2727,Raudondvario pl.,Kaunas–Marijampolė–Suvalkai,A5,3.5,,,,,4.3,2.63,Šlapia,0.81,2023-11-15,09:30:00
693,5352,Vilijampolė,Kaunas–Marijampolė–Suvalkai,A5,3.6,2.8,Šiaurės rytų,Dulksna,0.26,4.6,2.58,Šlapia,0.76,2023-11-15,09:23:10
754,412,Skriaudžiai,Kaunas–Marijampolė–Suvalkai,A5,3.7,4.7,Šiaurės rytų,Migla,0.0,4.6,2.97,Šlapia,0.8,2023-11-15,09:31:20
755,413,Garliava,Kaunas–Marijampolė–Suvalkai,A5,3.7,3.6,Šiaurės,"Lietus, silpnas",0.15,4.8,2.82,Šlapia,0.72,2023-11-15,09:31:20
771,1071,Puskelniai,Kaunas–Marijampolė–Suvalkai,A5,3.8,4.2,Šiaurės,,,,3.37,Šlapia,0.68,2023-11-15,09:30:00
783,1004,Kalvarija,Kaunas–Marijampolė–Suvalkai,A5,2.9,1.3,Šiaurės rytų,,,3.7,2.9,Šlapia,0.72,2023-11-15,09:30:00
44,981,Šventoji,Klaipėda–Liepoja,A13,5.9,2.2,Vakarų,"Lietus, silpnas",0.18,6.4,3.41,Šlapia,0.77,2023-11-13,15:07:57
83,382,Nemirseta,Klaipėda–Liepoja,A13,6.2,4.9,Vakarų,Nėra,0.0,6.8,1.72,Sausa,0.82,2023-11-13,15:06:25
180,981,Šventoji,Klaipėda–Liepoja,A13,4.4,1.7,Rytų,Nėra,0.0,5.0,3.22,Sausa,0.82,2023-11-13,22:10:33
213,382,Nemirseta,Klaipėda–Liepoja,A13,4.7,3.6,Pietryčių,Nėra,0.0,6.0,2.23,Sausa,0.82,2023-11-13,22:07:30
313,981,Šventoji,Klaipėda–Liepoja,A13,4.8,1.2,Rytų,Nėra,0.0,5.3,2.82,Sausa,0.82,2023-11-14,09:24:13
356,382,Nemirseta,Klaipėda–Liepoja,A13,5.0,3.9,Pietryčių,Nėra,0.0,6.9,2.86,Sausa,0.82,2023-11-14,09:22:25
449,981,Šventoji,Klaipėda–Liepoja,A13,4.5,0.6,Rytų,Nėra,0.0,4.8,2.69,Sausa,0.82,2023-11-14,15:25:31
492,382,Nemirseta,Klaipėda–Liepoja,A13,4.6,4.1,Rytų,Nėra,0.0,5.7,1.96,Sausa,0.82,2023-11-14,15:22:31
585,981,Šventoji,Klaipėda–Liepoja,A13,3.3,1.1,Šiaurės rytų,Nėra,0.0,3.3,1.66,Sausa,0.82,2023-11-14,21:18:28
628,382,Nemirseta,Klaipėda–Liepoja,A13,4.1,4.0,Rytų,Nėra,0.0,4.4,1.97,Sausa,0.82,2023-11-14,21:16:16
721,981,Šventoji,Klaipėda–Liepoja,A13,2.9,1.2,Šiaurės rytų,Nėra,0.0,3.1,-0.55,Sausa,0.82,2023-11-15,09:24:06
761,382,Nemirseta,Klaipėda–Liepoja,A13,3.2,6.3,Šiaurės rytų,Nėra,0.0,3.9,-0.44,Sausa,0.82,2023-11-15,09:22:12
74,392,Kampai,Antakalnis–Jieznas–Alytus–Merkinė,129,5.4,4.4,Vakarų,Migla,0.0,6.0,2.23,Sausa,0.82,2023-11-13,15:06:29
210,392,Kampai,Antakalnis–Jieznas–Alytus–Merkinė,129,3.8,2.7,Rytų,Migla,0.0,6.9,2.0,Sausa,0.82,2023-11-13,22:07:35
346,392,Kampai,Antakalnis–Jieznas–Alytus–Merkinė,129,4.0,2.6,Pietryčių,Migla,0.0,5.6,2.35,Sausa,0.82,2023-11-14,09:22:28
482,392,Kampai,Antakalnis–Jieznas–Alytus–Merkinė,129,4.1,2.2,Rytų,Migla,0.0,5.4,2.45,Sausa,0.82,2023-11-14,15:22:39
619,392,Kampai,Antakalnis–Jieznas–Alytus–Merkinė,129,3.0,2.7,Rytų,"Lietus, silpnas",0.15,4.1,2.43,Šlapia,0.75,2023-11-14,21:16:21
744,392,Kampai,Antakalnis–Jieznas–Alytus–Merkinė,129,3.5,3.6,Šiaurės rytų,Nėra,0.0,4.4,3.21,Šlapia,0.81,2023-11-15,09:22:17
37,314,Baisogala,Jonava–Kėdainiai–Šeduva,144,6.5,3.6,Vakarų,,0.0,7.7,1.23,Sausa,0.82,2023-11-13,15:06:14
184,314,Baisogala,Jonava–Kėdainiai–Šeduva,144,3.3,0.7,Rytų,,0.0,5.2,2.87,Sausa,0.82,2023-11-13,22:07:20
320,314,Baisogala,Jonava–Kėdainiai–Šeduva,144,3.6,0.8,Rytų,,0.0,5.2,2.58,Sausa,0.82,2023-11-14,09:22:15
456,314,Baisogala,Jonava–Kėdainiai–Šeduva,144,3.4,0.8,Pietryčių,,0.0,4.6,2.53,Sausa,0.82,2023-11-14,15:22:21
591,314,Baisogala,Jonava–Kėdainiai–Šeduva,144,2.2,2.5,Šiaurės rytų,,0.0,3.6,1.77,Sausa,0.82,2023-11-14,21:16:08
728,314,Baisogala,Jonava–Kėdainiai–Šeduva,144,1.9,3.6,Šiaurės rytų,,0.0,3.3,0.59,Sausa,0.82,2023-11-15,09:21:58
76,394,Akmeniai,Daugpilis–Rokiškis–Panevėžys,122,5.6,3.7,Vakarų,,0.0,6.2,3.77,Šlapia,0.79,2023-11-13,15:06:29
77,395,Kandrėnai,Daugpilis–Rokiškis–Panevėžys,122,4.9,3.6,Pietvakarių,"Lietus, silpnas",0.07,5.9,3.71,Šlapia,0.73,2023-11-13,15:06:29
115,1123,Rokiškis,Daugpilis–Rokiškis–Panevėžys,122,4.5,5.5,Vakarų,"Lietus, silpnas",0.46,4.9,3.47,Šlapia,0.73,2023-11-13,15:05:00
207,395,Kandrėnai,Daugpilis–Rokiškis–Panevėžys,122,4.6,0.9,Pietryčių,Nėra,0.0,7.7,2.46,Sausa,0.82,2023-11-13,22:07:38
208,394,Akmeniai,Daugpilis–Rokiškis–Panevėžys,122,3.4,1.5,Pietryčių,,0.0,5.7,2.07,Sausa,0.82,2023-11-13,22:07:37
250,1123,Rokiškis,Daugpilis–Rokiškis–Panevėžys,122,3.3,2.0,Pietvakarių,Nėra,0.0,5.0,0.69,Drėgna,0.82,2023-11-13,22:05:00
343,394,Akmeniai,Daugpilis–Rokiškis–Panevėžys,122,3.9,1.6,Rytų,,0.0,6.2,1.61,Sausa,0.82,2023-11-14,09:22:31
344,395,Kandrėnai,Daugpilis–Rokiškis–Panevėžys,122,4.3,2.1,Pietryčių,Nėra,0.0,8.1,1.33,Sausa,0.82,2023-11-14,09:22:32
386,1123,Rokiškis,Daugpilis–Rokiškis–Panevėžys,122,4.3,0.6,Vakarų,Nėra,0.0,4.7,1.16,Sausa,0.82,2023-11-14,09:20:00
479,395,Kandrėnai,Daugpilis–Rokiškis–Panevėžys,122,3.5,0.7,Šiaurės rytų,Nėra,0.0,5.2,1.22,Sausa,0.82,2023-11-14,15:22:46
480,394,Akmeniai,Daugpilis–Rokiškis–Panevėžys,122,3.1,1.2,Šiaurės rytų,,0.0,4.0,1.15,Sausa,0.82,2023-11-14,15:22:43
519,1123,Rokiškis,Daugpilis–Rokiškis–Panevėžys,122,3.7,1.1,Šiaurės rytų,Nėra,0.0,4.3,1.74,Sausa,0.82,2023-11-14,15:20:00
614,395,Kandrėnai,Daugpilis–Rokiškis–Panevėžys,122,2.3,2.1,Šiaurės rytų,Nėra,0.0,3.9,1.29,Sausa,0.82,2023-11-14,21:16:22
616,394,Akmeniai,Daugpilis–Rokiškis–Panevėžys,122,2.4,0.9,Šiaurės rytų,,0.0,3.5,1.83,Sausa,0.82,2023-11-14,21:16:22
651,1123,Rokiškis,Daugpilis–Rokiškis–Panevėžys,122,0.6,0.9,Šiaurės rytų,Nėra,0.0,1.7,0.32,Sausa,0.82,2023-11-14,21:15:00
746,394,Akmeniai,Daugpilis–Rokiškis–Panevėžys,122,1.2,2.8,Šiaurės rytų,,0.0,2.9,0.05,Sausa,0.82,2023-11-15,09:22:18
747,395,Kandrėnai,Daugpilis–Rokiškis–Panevėžys,122,1.2,3.3,Šiaurės,Nėra,0.0,2.8,0.05,Sausa,0.82,2023-11-15,09:22:18
794,1123,Rokiškis,Daugpilis–Rokiškis–Panevėžys,122,0.8,3.7,Šiaurės rytų,Nėra,0.0,1.8,-0.2,Sausa,0.82,2023-11-15,09:20:00
60,405,Vištytis,Kalvarija–Gražiškiai–Vištytis,200,4.6,2.6,Vakarų,"Lietus, silpnas",0.0,6.2,3.26,Šlapia,0.75,2023-11-13,15:06:35
195,405,Vištytis,Kalvarija–Gražiškiai–Vištytis,200,3.6,3.0,Pietryčių,"Lietus, silpnas",0.04,5.1,1.64,Šlapia,0.77,2023-11-13,22:07:44
330,405,Vištytis,Kalvarija–Gražiškiai–Vištytis,200,3.6,2.6,Pietryčių,Nėra,0.0,5.2,1.96,Šlapia,0.78,2023-11-14,09:22:39
467,405,Vištytis,Kalvarija–Gražiškiai–Vištytis,200,3.3,3.0,Rytų,Dulksna,0.11,4.3,2.13,Šlapia,0.8,2023-11-14,15:22:58
603,405,Vištytis,Kalvarija–Gražiškiai–Vištytis,200,2.9,2.4,Rytų,"Lietus, silpnas",0.15,3.7,2.33,Šlapia,0.77,2023-11-14,21:16:23
735,405,Vištytis,Kalvarija–Gražiškiai–Vištytis,200,3.1,4.4,Šiaurės rytų,Migla,0.0,3.7,2.67,Šlapia,0.77,2023-11-15,09:22:22
38,125,Šniūraičiai,Panevėžys–Šiauliai,A9,6.0,2.6,Vakarų,,,6.0,2.09,Sausa,0.82,2023-11-13,15:05:00
48,1001,Šeduva,Panevėžys–Šiauliai,A9,6.2,6.1,Vakarų,Migla,0.0,6.5,1.72,Sausa,0.82,2023-11-13,15:05:00
69,401,Smilgiai,Panevėžys–Šiauliai,A9,6.0,6.0,Vakarų,Nėra,0.0,5.9,2.81,Sausa,0.82,2023-11-13,15:06:31
173,1001,Šeduva,Panevėžys–Šiauliai,A9,3.4,1.8,Pietryčių,Migla,0.0,5.3,2.23,Sausa,0.82,2023-11-13,21:50:00
183,125,Šniūraičiai,Panevėžys–Šiauliai,A9,2.6,2.3,Rytų,,,5.4,2.17,Sausa,0.82,2023-11-13,22:05:00
206,401,Smilgiai,Panevėžys–Šiauliai,A9,3.5,1.8,Rytų,Nėra,0.0,5.8,2.63,Sausa,0.82,2023-11-13,22:07:41
297,1001,Šeduva,Panevėžys–Šiauliai,A9,3.8,3.0,Rytų,Migla,0.0,5.7,2.0,Sausa,0.82,2023-11-14,09:20:04
319,125,Šniūraičiai,Panevėžys–Šiauliai,A9,3.5,2.4,Rytų,,,5.7,1.86,Sausa,0.82,2023-11-14,09:20:00
342,401,Smilgiai,Panevėžys–Šiauliai,A9,3.6,2.7,Pietryčių,Nėra,0.0,5.5,2.27,Sausa,0.82,2023-11-14,09:22:33
445,1001,Šeduva,Panevėžys–Šiauliai,A9,3.3,2.4,Rytų,Migla,0.0,4.9,1.82,Sausa,0.82,2023-11-14,15:20:00
454,125,Šniūraičiai,Panevėžys–Šiauliai,A9,2.8,3.1,Rytų,,,4.8,1.32,Sausa,0.82,2023-11-14,15:20:00
478,401,Smilgiai,Panevėžys–Šiauliai,A9,3.4,1.9,Rytų,Nėra,0.0,4.8,1.92,Sausa,0.82,2023-11-14,15:22:51
581,1001,Šeduva,Panevėžys–Šiauliai,A9,2.0,4.3,Šiaurės rytų,Migla,0.0,3.2,1.43,Sausa,0.82,2023-11-14,21:15:00
592,125,Šniūraičiai,Panevėžys–Šiauliai,A9,1.8,2.7,Šiaurės rytų,,,3.4,1.23,Sausa,0.82,2023-11-14,21:15:00
615,401,Smilgiai,Panevėžys–Šiauliai,A9,2.0,2.8,Šiaurės rytų,Nėra,0.0,3.2,1.28,Sausa,0.82,2023-11-14,21:16:22
717,1001,Šeduva,Panevėžys–Šiauliai,A9,1.8,6.0,Šiaurės rytų,Migla,0.0,3.0,0.64,Sausa,0.82,2023-11-15,09:20:01
729,125,Šniūraičiai,Panevėžys–Šiauliai,A9,1.7,3.1,Šiaurės rytų,,,3.2,0.39,Sausa,0.82,2023-11-15,09:20:00
748,401,Smilgiai,Panevėžys–Šiauliai,A9,1.9,4.4,Šiaurės rytų,Nėra,0.0,3.1,0.89,Sausa,0.82,2023-11-15,09:22:18
14,3821,Dubos,Vilnius–Panevėžys,A2,6.0,3.8,Vakarų,Nėra,0.0,6.3,2.99,Drėgna,0.82,2023-11-13,15:16:20
54,306,Šilai,Vilnius–Panevėžys,A2,6.0,4.4,Vakarų,,0.0,5.8,2.99,Šlapia,0.77,2023-11-13,15:06:09
109,1134,Širvintos,Vilnius–Panevėžys,A2,5.9,3.7,Vakarų,Nėra,0.0,6.4,3.24,Sausa,0.82,2023-11-13,15:05:00
110,1135,Ukmergė,Vilnius–Panevėžys,A2,6.3,1.8,Pietvakarių,Nėra,0.0,,3.11,Šlapia,0.82,2023-11-13,15:05:00
111,1132,Maišiagala,Vilnius–Panevėžys,A2,5.6,4.3,Vakarų,,,,2.94,Sausa,0.82,2023-11-13,15:05:00
133,1101,Bukiškės,Vilnius–Panevėžys,A2,5.2,5.2,Vakarų,,,6.1,2.38,Sausa,0.82,2023-11-13,15:05:00
150,3821,Dubos,Vilnius–Panevėžys,A2,,,,,,,,,,2023-11-13,09:55:21
187,306,Šilai,Vilnius–Panevėžys,A2,4.4,1.7,Rytų,,0.0,5.9,2.43,Sausa,0.82,2023-11-13,22:07:16
245,1135,Ukmergė,Vilnius–Panevėžys,A2,3.4,1.8,Pietryčių,Nėra,0.0,,2.23,Sausa,0.82,2023-11-13,22:05:05
246,1134,Širvintos,Vilnius–Panevėžys,A2,3.6,1.5,Pietryčių,Nėra,0.0,5.2,2.27,Sausa,0.82,2023-11-13,21:50:00
249,1132,Maišiagala,Vilnius–Panevėžys,A2,3.8,3.1,Pietryčių,,,,2.31,Sausa,0.82,2023-11-13,22:05:00
269,1101,Bukiškės,Vilnius–Panevėžys,A2,3.8,3.0,Pietryčių,,,5.9,2.0,Sausa,0.82,2023-11-13,22:05:00
284,3821,Dubos,Vilnius–Panevėžys,A2,,,,,,,,,,2023-11-13,19:40:21
323,306,Šilai,Vilnius–Panevėžys,A2,4.9,1.8,Rytų,,0.0,7.3,2.76,Sausa,0.82,2023-11-14,09:22:14
381,1135,Ukmergė,Vilnius–Panevėžys,A2,3.8,1.1,Pietryčių,Nėra,0.0,,2.16,Sausa,0.82,2023-11-14,09:20:00
382,1134,Širvintos,Vilnius–Panevėžys,A2,3.9,1.4,Rytų,Nėra,0.0,5.4,2.25,Sausa,0.82,2023-11-14,09:20:00
383,1132,Maišiagala,Vilnius–Panevėžys,A2,4.0,2.3,Rytų,,,,2.51,Sausa,0.82,2023-11-14,09:20:02
405,1101,Bukiškės,Vilnius–Panevėžys,A2,4.2,1.9,Rytų,,,6.5,2.23,Sausa,0.82,2023-11-14,09:20:00
421,3821,Dubos,Vilnius–Panevėžys,A2,,,,,,,,,,2023-11-13,23:40:21
460,306,Šilai,Vilnius–Panevėžys,A2,4.1,1.7,Pietryčių,,0.0,5.8,2.45,Sausa,0.82,2023-11-14,15:22:19
517,1135,Ukmergė,Vilnius–Panevėžys,A2,3.7,1.0,Rytų,Nėra,0.0,,1.9,Sausa,0.82,2023-11-14,15:20:00
518,1134,Širvintos,Vilnius–Panevėžys,A2,3.9,1.4,Rytų,Nėra,0.0,4.9,1.77,Sausa,0.82,2023-11-14,15:20:00
522,1132,Maišiagala,Vilnius–Panevėžys,A2,3.6,2.6,Rytų,,,,1.96,Sausa,0.82,2023-11-14,15:20:00
541,1101,Bukiškės,Vilnius–Panevėžys,A2,3.5,1.4,Rytų,,,4.4,1.86,Sausa,0.82,2023-11-14,15:20:00
557,3821,Dubos,Vilnius–Panevėžys,A2,,,,,,,,,,2023-11-13,23:20:21
595,306,Šilai,Vilnius–Panevėžys,A2,2.9,1.2,Šiaurės rytų,,0.0,4.1,1.58,Sausa,0.82,2023-11-14,21:16:07
654,1132,Maišiagala,Vilnius–Panevėžys,A2,2.9,2.9,Rytų,Nėra,0.0,,1.58,Sausa,0.82,2023-11-14,21:15:00
655,1134,Širvintos,Vilnius–Panevėžys,A2,2.6,1.8,Rytų,Nėra,0.0,3.4,0.82,Sausa,0.82,2023-11-14,21:15:00
656,1135,Ukmergė,Vilnius–Panevėžys,A2,3.1,1.1,Šiaurės rytų,Nėra,0.0,,0.83,Sausa,0.82,2023-11-14,21:15:00
677,1101,Bukiškės,Vilnius–Panevėžys,A2,2.8,1.9,Rytų,,,3.9,1.78,Sausa,0.82,2023-11-14,21:15:00
690,3821,Dubos,Vilnius–Panevėžys,A2,,,,,,,,,,2023-11-14,00:10:21
730,306,Šilai,Vilnius–Panevėžys,A2,1.2,2.5,Šiaurės rytų,,0.0,3.1,-0.26,Sausa,0.82,2023-11-15,09:21:43
787,1132,Maišiagala,Vilnius–Panevėžys,A2,3.2,3.9,Rytų,,,,2.33,Šlapia,0.81,2023-11-15,09:20:00
788,1134,Širvintos,Vilnius–Panevėžys,A2,3.1,3.6,Šiaurės rytų,Nėra,0.0,3.9,1.62,Sausa,0.82,2023-11-15,09:20:00
789,1135,Ukmergė,Vilnius–Panevėžys,A2,2.8,1.6,Šiaurės,Nėra,0.0,,-0.13,Sausa,0.82,2023-11-15,09:20:00
812,1101,Bukiškės,Vilnius–Panevėžys,A2,2.9,2.7,Rytų,,,3.7,2.03,Šlapia,0.75,2023-11-15,09:20:00
19,4001,Paluknys,Vilnius–Varėna–Gardinas,A4,5.2,,,Nėra,0.0,6.7,3.38,Šlapia,0.77,2023-11-13,15:06:31
26,2481,Gudeliai,Vilnius–Varėna–Gardinas,A4,5.5,5.5,Vakarų,Nėra,0.0,6.2,2.67,Sausa,0.82,2023-11-13,15:05:58
107,1042,Pirčiupiai,Vilnius–Varėna–Gardinas,A4,4.9,3.2,Vakarų,Nėra,0.0,,3.56,Šlapia,0.76,2023-11-13,15:05:00
135,1063,Druskininkai,Vilnius–Varėna–Gardinas,A4,6.5,2.8,Vakarų,Nėra,0.0,5.7,1.02,Drėgna,0.82,2023-11-13,15:05:00
155,4001,Paluknys,Vilnius–Varėna–Gardinas,A4,4.2,,,Nėra,0.0,7.3,2.55,Sausa,0.82,2023-11-13,22:07:41
166,2481,Gudeliai,Vilnius–Varėna–Gardinas,A4,3.4,2.5,Rytų,Nėra,0.0,6.3,2.38,Sausa,0.82,2023-11-13,22:07:04
235,1042,Pirčiupiai,Vilnius–Varėna–Gardinas,A4,3.7,1.6,Rytų,Nėra,0.0,,2.21,Sausa,0.82,2023-11-13,22:05:00
271,1063,Druskininkai,Vilnius–Varėna–Gardinas,A4,3.9,2.5,Pietryčių,"Lietus, silpnas",0.7,5.5,2.1,Šlapia,0.79,2023-11-13,22:05:03
291,4001,Paluknys,Vilnius–Varėna–Gardinas,A4,4.4,,,Nėra,0.0,7.4,2.1,Sausa,0.82,2023-11-14,09:22:33
304,2481,Gudeliai,Vilnius–Varėna–Gardinas,A4,4.1,2.4,Rytų,Nėra,0.0,6.8,2.29,Sausa,0.82,2023-11-14,09:22:06
370,1042,Pirčiupiai,Vilnius–Varėna–Gardinas,A4,4.3,1.9,Rytų,Nėra,0.0,,2.17,Sausa,0.82,2023-11-14,09:20:00
407,1063,Druskininkai,Vilnius–Varėna–Gardinas,A4,4.0,1.3,Pietryčių,Nėra,0.0,5.2,2.35,Šlapia,0.82,2023-11-14,09:20:02
427,4001,Paluknys,Vilnius–Varėna–Gardinas,A4,4.0,,,Nėra,0.0,5.6,2.19,Sausa,0.82,2023-11-14,15:22:50
438,2481,Gudeliai,Vilnius–Varėna–Gardinas,A4,3.9,3.0,Rytų,Nėra,0.0,5.4,2.25,Sausa,0.82,2023-11-14,15:22:15
508,1042,Pirčiupiai,Vilnius–Varėna–Gardinas,A4,4.0,1.0,Pietryčių,Nėra,0.0,,2.35,Sausa,0.82,2023-11-14,15:20:00
543,1063,Druskininkai,Vilnius–Varėna–Gardinas,A4,3.5,1.4,Pietryčių,Nėra,0.0,4.8,2.17,Sausa,0.82,2023-11-14,15:20:00
565,4001,Paluknys,Vilnius–Varėna–Gardinas,A4,3.3,,,Nėra,0.0,4.4,2.43,Šlapia,0.8,2023-11-14,21:16:22
574,2481,Gudeliai,Vilnius–Varėna–Gardinas,A4,3.5,3.4,Pietryčių,Dulksna,0.22,4.1,2.02,Sausa,0.82,2023-11-14,21:16:05
642,1042,Pirčiupiai,Vilnius–Varėna–Gardinas,A4,3.0,1.4,Pietryčių,Dulksna,0.04,,2.28,Šlapia,0.81,2023-11-14,21:15:00
679,1063,Druskininkai,Vilnius–Varėna–Gardinas,A4,3.0,1.4,Rytų,Nėra,0.0,3.9,2.72,Šlapia,0.67,2023-11-14,21:15:00
699,4001,Paluknys,Vilnius–Varėna–Gardinas,A4,3.3,,,Dulksna,0.75,4.2,2.87,Šlapia,0.68,2023-11-15,09:22:18
710,2481,Gudeliai,Vilnius–Varėna–Gardinas,A4,3.1,3.9,Šiaurės rytų,Dulksna,0.22,3.9,2.52,Šlapia,0.67,2023-11-15,09:21:14
779,1042,Pirčiupiai,Vilnius–Varėna–Gardinas,A4,3.3,1.8,Šiaurės rytų,"Lietus, silpnas",0.71,,2.87,Šlapia,0.65,2023-11-15,09:20:00
815,1063,Druskininkai,Vilnius–Varėna–Gardinas,A4,3.9,1.1,Šiaurės rytų,"Lietus, silpnas",0.37,4.6,3.61,Šlapia,0.71,2023-11-15,09:20:00
