"Laikotarpis","Rodiklis","Administracinė teritorija","Kelių įvykis","Matavimo vienetai","Reikšmė"
"2023M09","Kelių eismo įvykiai, kuriuose nukentėjo žmonės","Lietuvos Respublika","Visi kelių eismo įvykiai","vnt.","339"
"2023M09","Kelių eismo įvykiai, kuriuose nukentėjo žmonės","Sostinės regionas","Visi kelių eismo įvykiai","vnt.","103"
"2023M09","Kelių eismo įvykiai, kuriuose nukentėjo žmonės","Vilniaus apskritis","Visi kelių eismo įvykiai","vnt.","103"
"2023M09","Kelių eismo įvykiai, kuriuose nukentėjo žmonės","Vidurio ir vakarų Lietuvos regionas","Visi kelių eismo įvykiai","vnt.","236"
"2023M09","Kelių eismo įvykiai, kuriuose nukentėjo žmonės","Alytaus apskritis","Visi kelių eismo įvykiai","vnt.","13"
"2023M09","Kelių eismo įvykiai, kuriuose nukentėjo žmonės","Kauno apskritis","Visi kelių eismo įvykiai","vnt.","82"
"2023M09","Kelių eismo įvykiai, kuriuose nukentėjo žmonės","Klaipėdos apskritis","Visi kelių eismo įvykiai","vnt.","33"
"2023M09","Kelių eismo įvykiai, kuriuose nukentėjo žmonės","Marijampolės apskritis","Visi kelių eismo įvykiai","vnt.","11"
"2023M09","Kelių eismo įvykiai, kuriuose nukentėjo žmonės","Panevėžio apskritis","Visi kelių eismo įvykiai","vnt.","34"
"2023M09","Kelių eismo įvykiai, kuriuose nukentėjo žmonės","Šiaulių apskritis","Visi kelių eismo įvykiai","vnt.","30"
"2023M09","Kelių eismo įvykiai, kuriuose nukentėjo žmonės","Tauragės apskritis","Visi kelių eismo įvykiai","vnt.","4"
"2023M09","Kelių eismo įvykiai, kuriuose nukentėjo žmonės","Telšių apskritis","Visi kelių eismo įvykiai","vnt.","18"
"2023M09","Kelių eismo įvykiai, kuriuose nukentėjo žmonės","Utenos apskritis","Visi kelių eismo įvykiai","vnt.","11"
"2023M08","Kelių eismo įvykiai, kuriuose nukentėjo žmonės","Lietuvos Respublika","Visi kelių eismo įvykiai","vnt.","291"
"2023M08","Kelių eismo įvykiai, kuriuose nukentėjo žmonės","Sostinės regionas","Visi kelių eismo įvykiai","vnt.","78"
"2023M08","Kelių eismo įvykiai, kuriuose nukentėjo žmonės","Vilniaus apskritis","Visi kelių eismo įvykiai","vnt.","78"
"2023M08","Kelių eismo įvykiai, kuriuose nukentėjo žmonės","Vidurio ir vakarų Lietuvos regionas","Visi kelių eismo įvykiai","vnt.","213"
"2023M08","Kelių eismo įvykiai, kuriuose nukentėjo žmonės","Alytaus apskritis","Visi kelių eismo įvykiai","vnt.","16"
"2023M08","Kelių eismo įvykiai, kuriuose nukentėjo žmonės","Kauno apskritis","Visi kelių eismo įvykiai","vnt.","49"
"2023M08","Kelių eismo įvykiai, kuriuose nukentėjo žmonės","Klaipėdos apskritis","Visi kelių eismo įvykiai","vnt.","38"
"2023M08","Kelių eismo įvykiai, kuriuose nukentėjo žmonės","Marijampolės apskritis","Visi kelių eismo įvykiai","vnt.","8"
"2023M08","Kelių eismo įvykiai, kuriuose nukentėjo žmonės","Panevėžio apskritis","Visi kelių eismo įvykiai","vnt.","29"
"2023M08","Kelių eismo įvykiai, kuriuose nukentėjo žmonės","Šiaulių apskritis","Visi kelių eismo įvykiai","vnt.","32"
"2023M08","Kelių eismo įvykiai, kuriuose nukentėjo žmonės","Tauragės apskritis","Visi kelių eismo įvykiai","vnt.","14"
"2023M08","Kelių eismo įvykiai, kuriuose nukentėjo žmonės","Telšių apskritis","Visi kelių eismo įvykiai","vnt.","15"
"2023M08","Kelių eismo įvykiai, kuriuose nukentėjo žmonės","Utenos apskritis","Visi kelių eismo įvykiai","vnt.","12"
"2023M07","Kelių eismo įvykiai, kuriuose nukentėjo žmonės","Lietuvos Respublika","Visi kelių eismo įvykiai","vnt.","280"
"2023M07","Kelių eismo įvykiai, kuriuose nukentėjo žmonės","Sostinės regionas","Visi kelių eismo įvykiai","vnt.","81"
"2023M07","Kelių eismo įvykiai, kuriuose nukentėjo žmonės","Vilniaus apskritis","Visi kelių eismo įvykiai","vnt.","81"
"2023M07","Kelių eismo įvykiai, kuriuose nukentėjo žmonės","Vidurio ir vakarų Lietuvos regionas","Visi kelių eismo įvykiai","vnt.","199"
"2023M07","Kelių eismo įvykiai, kuriuose nukentėjo žmonės","Alytaus apskritis","Visi kelių eismo įvykiai","vnt.","9"
"2023M07","Kelių eismo įvykiai, kuriuose nukentėjo žmonės","Kauno apskritis","Visi kelių eismo įvykiai","vnt.","69"
"2023M07","Kelių eismo įvykiai, kuriuose nukentėjo žmonės","Klaipėdos apskritis","Visi kelių eismo įvykiai","vnt.","34"
"2023M07","Kelių eismo įvykiai, kuriuose nukentėjo žmonės","Marijampolės apskritis","Visi kelių eismo įvykiai","vnt.","9"
"2023M07","Kelių eismo įvykiai, kuriuose nukentėjo žmonės","Panevėžio apskritis","Visi kelių eismo įvykiai","vnt.","33"
"2023M07","Kelių eismo įvykiai, kuriuose nukentėjo žmonės","Šiaulių apskritis","Visi kelių eismo įvykiai","vnt.","19"
"2023M07","Kelių eismo įvykiai, kuriuose nukentėjo žmonės","Tauragės apskritis","Visi kelių eismo įvykiai","vnt.","7"
"2023M07","Kelių eismo įvykiai, kuriuose nukentėjo žmonės","Telšių apskritis","Visi kelių eismo įvykiai","vnt.","9"
"2023M07","Kelių eismo įvykiai, kuriuose nukentėjo žmonės","Utenos apskritis","Visi kelių eismo įvykiai","vnt.","10"
"2023M06","Kelių eismo įvykiai, kuriuose nukentėjo žmonės","Lietuvos Respublika","Visi kelių eismo įvykiai","vnt.","338"
"2023M06","Kelių eismo įvykiai, kuriuose nukentėjo žmonės","Sostinės regionas","Visi kelių eismo įvykiai","vnt.","88"
"2023M06","Kelių eismo įvykiai, kuriuose nukentėjo žmonės","Vilniaus apskritis","Visi kelių eismo įvykiai","vnt.","88"
"2023M06","Kelių eismo įvykiai, kuriuose nukentėjo žmonės","Vidurio ir vakarų Lietuvos regionas","Visi kelių eismo įvykiai","vnt.","250"
"2023M06","Kelių eismo įvykiai, kuriuose nukentėjo žmonės","Alytaus apskritis","Visi kelių eismo įvykiai","vnt.","13"
"2023M06","Kelių eismo įvykiai, kuriuose nukentėjo žmonės","Kauno apskritis","Visi kelių eismo įvykiai","vnt.","83"
"2023M06","Kelių eismo įvykiai, kuriuose nukentėjo žmonės","Klaipėdos apskritis","Visi kelių eismo įvykiai","vnt.","40"
"2023M06","Kelių eismo įvykiai, kuriuose nukentėjo žmonės","Marijampolės apskritis","Visi kelių eismo įvykiai","vnt.","16"
"2023M06","Kelių eismo įvykiai, kuriuose nukentėjo žmonės","Panevėžio apskritis","Visi kelių eismo įvykiai","vnt.","29"
"2023M06","Kelių eismo įvykiai, kuriuose nukentėjo žmonės","Šiaulių apskritis","Visi kelių eismo įvykiai","vnt.","34"
"2023M06","Kelių eismo įvykiai, kuriuose nukentėjo žmonės","Tauragės apskritis","Visi kelių eismo įvykiai","vnt.","12"
"2023M06","Kelių eismo įvykiai, kuriuose nukentėjo žmonės","Telšių apskritis","Visi kelių eismo įvykiai","vnt.","12"
"2023M06","Kelių eismo įvykiai, kuriuose nukentėjo žmonės","Utenos apskritis","Visi kelių eismo įvykiai","vnt.","11"
"2023M05","Kelių eismo įvykiai, kuriuose nukentėjo žmonės","Lietuvos Respublika","Visi kelių eismo įvykiai","vnt.","290"
"2023M05","Kelių eismo įvykiai, kuriuose nukentėjo žmonės","Sostinės regionas","Visi kelių eismo įvykiai","vnt.","103"
"2023M05","Kelių eismo įvykiai, kuriuose nukentėjo žmonės","Vilniaus apskritis","Visi kelių eismo įvykiai","vnt.","103"
"2023M05","Kelių eismo įvykiai, kuriuose nukentėjo žmonės","Vidurio ir vakarų Lietuvos regionas","Visi kelių eismo įvykiai","vnt.","187"
"2023M05","Kelių eismo įvykiai, kuriuose nukentėjo žmonės","Alytaus apskritis","Visi kelių eismo įvykiai","vnt.","7"
"2023M05","Kelių eismo įvykiai, kuriuose nukentėjo žmonės","Kauno apskritis","Visi kelių eismo įvykiai","vnt.","65"
"2023M05","Kelių eismo įvykiai, kuriuose nukentėjo žmonės","Klaipėdos apskritis","Visi kelių eismo įvykiai","vnt.","37"
"2023M05","Kelių eismo įvykiai, kuriuose nukentėjo žmonės","Marijampolės apskritis","Visi kelių eismo įvykiai","vnt.","11"
"2023M05","Kelių eismo įvykiai, kuriuose nukentėjo žmonės","Panevėžio apskritis","Visi kelių eismo įvykiai","vnt.","29"
"2023M05","Kelių eismo įvykiai, kuriuose nukentėjo žmonės","Šiaulių apskritis","Visi kelių eismo įvykiai","vnt.","20"
"2023M05","Kelių eismo įvykiai, kuriuose nukentėjo žmonės","Tauragės apskritis","Visi kelių eismo įvykiai","vnt.","6"
"2023M05","Kelių eismo įvykiai, kuriuose nukentėjo žmonės","Telšių apskritis","Visi kelių eismo įvykiai","vnt.","7"
"2023M05","Kelių eismo įvykiai, kuriuose nukentėjo žmonės","Utenos apskritis","Visi kelių eismo įvykiai","vnt.","5"
"2023M04","Kelių eismo įvykiai, kuriuose nukentėjo žmonės","Lietuvos Respublika","Visi kelių eismo įvykiai","vnt.","206"
"2023M04","Kelių eismo įvykiai, kuriuose nukentėjo žmonės","Sostinės regionas","Visi kelių eismo įvykiai","vnt.","68"
"2023M04","Kelių eismo įvykiai, kuriuose nukentėjo žmonės","Vilniaus apskritis","Visi kelių eismo įvykiai","vnt.","68"
"2023M04","Kelių eismo įvykiai, kuriuose nukentėjo žmonės","Vidurio ir vakarų Lietuvos regionas","Visi kelių eismo įvykiai","vnt.","138"
"2023M04","Kelių eismo įvykiai, kuriuose nukentėjo žmonės","Alytaus apskritis","Visi kelių eismo įvykiai","vnt.","5"
"2023M04","Kelių eismo įvykiai, kuriuose nukentėjo žmonės","Kauno apskritis","Visi kelių eismo įvykiai","vnt.","41"
"2023M04","Kelių eismo įvykiai, kuriuose nukentėjo žmonės","Klaipėdos apskritis","Visi kelių eismo įvykiai","vnt.","22"
"2023M04","Kelių eismo įvykiai, kuriuose nukentėjo žmonės","Marijampolės apskritis","Visi kelių eismo įvykiai","vnt.","8"
"2023M04","Kelių eismo įvykiai, kuriuose nukentėjo žmonės","Panevėžio apskritis","Visi kelių eismo įvykiai","vnt.","20"
"2023M04","Kelių eismo įvykiai, kuriuose nukentėjo žmonės","Šiaulių apskritis","Visi kelių eismo įvykiai","vnt.","22"
"2023M04","Kelių eismo įvykiai, kuriuose nukentėjo žmonės","Tauragės apskritis","Visi kelių eismo įvykiai","vnt.","6"
"2023M04","Kelių eismo įvykiai, kuriuose nukentėjo žmonės","Telšių apskritis","Visi kelių eismo įvykiai","vnt.","6"
"2023M04","Kelių eismo įvykiai, kuriuose nukentėjo žmonės","Utenos apskritis","Visi kelių eismo įvykiai","vnt.","8"
"2023M03","Kelių eismo įvykiai, kuriuose nukentėjo žmonės","Lietuvos Respublika","Visi kelių eismo įvykiai","vnt.","184"
"2023M03","Kelių eismo įvykiai, kuriuose nukentėjo žmonės","Sostinės regionas","Visi kelių eismo įvykiai","vnt.","56"
"2023M03","Kelių eismo įvykiai, kuriuose nukentėjo žmonės","Vilniaus apskritis","Visi kelių eismo įvykiai","vnt.","56"
"2023M03","Kelių eismo įvykiai, kuriuose nukentėjo žmonės","Vidurio ir vakarų Lietuvos regionas","Visi kelių eismo įvykiai","vnt.","128"
"2023M03","Kelių eismo įvykiai, kuriuose nukentėjo žmonės","Alytaus apskritis","Visi kelių eismo įvykiai","vnt.","3"
"2023M03","Kelių eismo įvykiai, kuriuose nukentėjo žmonės","Kauno apskritis","Visi kelių eismo įvykiai","vnt.","47"
"2023M03","Kelių eismo įvykiai, kuriuose nukentėjo žmonės","Klaipėdos apskritis","Visi kelių eismo įvykiai","vnt.","14"
"2023M03","Kelių eismo įvykiai, kuriuose nukentėjo žmonės","Marijampolės apskritis","Visi kelių eismo įvykiai","vnt.","13"
"2023M03","Kelių eismo įvykiai, kuriuose nukentėjo žmonės","Panevėžio apskritis","Visi kelių eismo įvykiai","vnt.","27"
"2023M03","Kelių eismo įvykiai, kuriuose nukentėjo žmonės","Šiaulių apskritis","Visi kelių eismo įvykiai","vnt.","9"
"2023M03","Kelių eismo įvykiai, kuriuose nukentėjo žmonės","Tauragės apskritis","Visi kelių eismo įvykiai","vnt.","5"
"2023M03","Kelių eismo įvykiai, kuriuose nukentėjo žmonės","Telšių apskritis","Visi kelių eismo įvykiai","vnt.","5"
"2023M03","Kelių eismo įvykiai, kuriuose nukentėjo žmonės","Utenos apskritis","Visi kelių eismo įvykiai","vnt.","5"
"2023M02","Kelių eismo įvykiai, kuriuose nukentėjo žmonės","Lietuvos Respublika","Visi kelių eismo įvykiai","vnt.","143"
"2023M02","Kelių eismo įvykiai, kuriuose nukentėjo žmonės","Sostinės regionas","Visi kelių eismo įvykiai","vnt.","46"
"2023M02","Kelių eismo įvykiai, kuriuose nukentėjo žmonės","Vilniaus apskritis","Visi kelių eismo įvykiai","vnt.","46"
"2023M02","Kelių eismo įvykiai, kuriuose nukentėjo žmonės","Vidurio ir vakarų Lietuvos regionas","Visi kelių eismo įvykiai","vnt.","97"
"2023M02","Kelių eismo įvykiai, kuriuose nukentėjo žmonės","Alytaus apskritis","Visi kelių eismo įvykiai","vnt.","5"
"2023M02","Kelių eismo įvykiai, kuriuose nukentėjo žmonės","Kauno apskritis","Visi kelių eismo įvykiai","vnt.","37"
"2023M02","Kelių eismo įvykiai, kuriuose nukentėjo žmonės","Klaipėdos apskritis","Visi kelių eismo įvykiai","vnt.","11"
"2023M02","Kelių eismo įvykiai, kuriuose nukentėjo žmonės","Marijampolės apskritis","Visi kelių eismo įvykiai","vnt.","6"
"2023M02","Kelių eismo įvykiai, kuriuose nukentėjo žmonės","Panevėžio apskritis","Visi kelių eismo įvykiai","vnt.","13"
"2023M02","Kelių eismo įvykiai, kuriuose nukentėjo žmonės","Šiaulių apskritis","Visi kelių eismo įvykiai","vnt.","11"
"2023M02","Kelių eismo įvykiai, kuriuose nukentėjo žmonės","Tauragės apskritis","Visi kelių eismo įvykiai","vnt.","3"
"2023M02","Kelių eismo įvykiai, kuriuose nukentėjo žmonės","Telšių apskritis","Visi kelių eismo įvykiai","vnt.","6"
"2023M02","Kelių eismo įvykiai, kuriuose nukentėjo žmonės","Utenos apskritis","Visi kelių eismo įvykiai","vnt.","5"
"2023M01","Kelių eismo įvykiai, kuriuose nukentėjo žmonės","Lietuvos Respublika","Visi kelių eismo įvykiai","vnt.","170"
"2023M01","Kelių eismo įvykiai, kuriuose nukentėjo žmonės","Sostinės regionas","Visi kelių eismo įvykiai","vnt.","35"
"2023M01","Kelių eismo įvykiai, kuriuose nukentėjo žmonės","Vilniaus apskritis","Visi kelių eismo įvykiai","vnt.","35"
"2023M01","Kelių eismo įvykiai, kuriuose nukentėjo žmonės","Vidurio ir vakarų Lietuvos regionas","Visi kelių eismo įvykiai","vnt.","135"
"2023M01","Kelių eismo įvykiai, kuriuose nukentėjo žmonės","Alytaus apskritis","Visi kelių eismo įvykiai","vnt.","7"
"2023M01","Kelių eismo įvykiai, kuriuose nukentėjo žmonės","Kauno apskritis","Visi kelių eismo įvykiai","vnt.","49"
"2023M01","Kelių eismo įvykiai, kuriuose nukentėjo žmonės","Klaipėdos apskritis","Visi kelių eismo įvykiai","vnt.","19"
"2023M01","Kelių eismo įvykiai, kuriuose nukentėjo žmonės","Marijampolės apskritis","Visi kelių eismo įvykiai","vnt.","9"
"2023M01","Kelių eismo įvykiai, kuriuose nukentėjo žmonės","Panevėžio apskritis","Visi kelių eismo įvykiai","vnt.","17"
"2023M01","Kelių eismo įvykiai, kuriuose nukentėjo žmonės","Šiaulių apskritis","Visi kelių eismo įvykiai","vnt.","17"
"2023M01","Kelių eismo įvykiai, kuriuose nukentėjo žmonės","Tauragės apskritis","Visi kelių eismo įvykiai","vnt.","5"
"2023M01","Kelių eismo įvykiai, kuriuose nukentėjo žmonės","Telšių apskritis","Visi kelių eismo įvykiai","vnt.","7"
"2023M01","Kelių eismo įvykiai, kuriuose nukentėjo žmonės","Utenos apskritis","Visi kelių eismo įvykiai","vnt.","5"
"2022M12","Kelių eismo įvykiai, kuriuose nukentėjo žmonės","Lietuvos Respublika","Visi kelių eismo įvykiai","vnt.","158"
"2022M12","Kelių eismo įvykiai, kuriuose nukentėjo žmonės","Sostinės regionas","Visi kelių eismo įvykiai","vnt.","43"
"2022M12","Kelių eismo įvykiai, kuriuose nukentėjo žmonės","Vilniaus apskritis","Visi kelių eismo įvykiai","vnt.","43"
"2022M12","Kelių eismo įvykiai, kuriuose nukentėjo žmonės","Vidurio ir vakarų Lietuvos regionas","Visi kelių eismo įvykiai","vnt.","115"
"2022M12","Kelių eismo įvykiai, kuriuose nukentėjo žmonės","Alytaus apskritis","Visi kelių eismo įvykiai","vnt.","11"
"2022M12","Kelių eismo įvykiai, kuriuose nukentėjo žmonės","Kauno apskritis","Visi kelių eismo įvykiai","vnt.","38"
"2022M12","Kelių eismo įvykiai, kuriuose nukentėjo žmonės","Klaipėdos apskritis","Visi kelių eismo įvykiai","vnt.","11"
"2022M12","Kelių eismo įvykiai, kuriuose nukentėjo žmonės","Marijampolės apskritis","Visi kelių eismo įvykiai","vnt.","6"
"2022M12","Kelių eismo įvykiai, kuriuose nukentėjo žmonės","Panevėžio apskritis","Visi kelių eismo įvykiai","vnt.","13"
"2022M12","Kelių eismo įvykiai, kuriuose nukentėjo žmonės","Šiaulių apskritis","Visi kelių eismo įvykiai","vnt.","17"
"2022M12","Kelių eismo įvykiai, kuriuose nukentėjo žmonės","Tauragės apskritis","Visi kelių eismo įvykiai","vnt.","5"
"2022M12","Kelių eismo įvykiai, kuriuose nukentėjo žmonės","Telšių apskritis","Visi kelių eismo įvykiai","vnt.","11"
"2022M12","Kelių eismo įvykiai, kuriuose nukentėjo žmonės","Utenos apskritis","Visi kelių eismo įvykiai","vnt.","3"
"2022M11","Kelių eismo įvykiai, kuriuose nukentėjo žmonės","Lietuvos Respublika","Visi kelių eismo įvykiai","vnt.","219"
"2022M11","Kelių eismo įvykiai, kuriuose nukentėjo žmonės","Sostinės regionas","Visi kelių eismo įvykiai","vnt.","52"
"2022M11","Kelių eismo įvykiai, kuriuose nukentėjo žmonės","Vilniaus apskritis","Visi kelių eismo įvykiai","vnt.","52"
"2022M11","Kelių eismo įvykiai, kuriuose nukentėjo žmonės","Vidurio ir vakarų Lietuvos regionas","Visi kelių eismo įvykiai","vnt.","167"
"2022M11","Kelių eismo įvykiai, kuriuose nukentėjo žmonės","Alytaus apskritis","Visi kelių eismo įvykiai","vnt.","11"
"2022M11","Kelių eismo įvykiai, kuriuose nukentėjo žmonės","Kauno apskritis","Visi kelių eismo įvykiai","vnt.","51"
"2022M11","Kelių eismo įvykiai, kuriuose nukentėjo žmonės","Klaipėdos apskritis","Visi kelių eismo įvykiai","vnt.","35"
"2022M11","Kelių eismo įvykiai, kuriuose nukentėjo žmonės","Marijampolės apskritis","Visi kelių eismo įvykiai","vnt.","13"
"2022M11","Kelių eismo įvykiai, kuriuose nukentėjo žmonės","Panevėžio apskritis","Visi kelių eismo įvykiai","vnt.","27"
"2022M11","Kelių eismo įvykiai, kuriuose nukentėjo žmonės","Šiaulių apskritis","Visi kelių eismo įvykiai","vnt.","15"
"2022M11","Kelių eismo įvykiai, kuriuose nukentėjo žmonės","Tauragės apskritis","Visi kelių eismo įvykiai","vnt.","1"
"2022M11","Kelių eismo įvykiai, kuriuose nukentėjo žmonės","Telšių apskritis","Visi kelių eismo įvykiai","vnt.","8"
"2022M11","Kelių eismo įvykiai, kuriuose nukentėjo žmonės","Utenos apskritis","Visi kelių eismo įvykiai","vnt.","6"
"2022M10","Kelių eismo įvykiai, kuriuose nukentėjo žmonės","Lietuvos Respublika","Visi kelių eismo įvykiai","vnt.","272"
"2022M10","Kelių eismo įvykiai, kuriuose nukentėjo žmonės","Sostinės regionas","Visi kelių eismo įvykiai","vnt.","81"
"2022M10","Kelių eismo įvykiai, kuriuose nukentėjo žmonės","Vilniaus apskritis","Visi kelių eismo įvykiai","vnt.","81"
"2022M10","Kelių eismo įvykiai, kuriuose nukentėjo žmonės","Vidurio ir vakarų Lietuvos regionas","Visi kelių eismo įvykiai","vnt.","191"
"2022M10","Kelių eismo įvykiai, kuriuose nukentėjo žmonės","Alytaus apskritis","Visi kelių eismo įvykiai","vnt.","8"
"2022M10","Kelių eismo įvykiai, kuriuose nukentėjo žmonės","Kauno apskritis","Visi kelių eismo įvykiai","vnt.","60"
"2022M10","Kelių eismo įvykiai, kuriuose nukentėjo žmonės","Klaipėdos apskritis","Visi kelių eismo įvykiai","vnt.","36"
"2022M10","Kelių eismo įvykiai, kuriuose nukentėjo žmonės","Marijampolės apskritis","Visi kelių eismo įvykiai","vnt.","6"
"2022M10","Kelių eismo įvykiai, kuriuose nukentėjo žmonės","Panevėžio apskritis","Visi kelių eismo įvykiai","vnt.","29"
"2022M10","Kelių eismo įvykiai, kuriuose nukentėjo žmonės","Šiaulių apskritis","Visi kelių eismo įvykiai","vnt.","20"
"2022M10","Kelių eismo įvykiai, kuriuose nukentėjo žmonės","Tauragės apskritis","Visi kelių eismo įvykiai","vnt.","11"
"2022M10","Kelių eismo įvykiai, kuriuose nukentėjo žmonės","Telšių apskritis","Visi kelių eismo įvykiai","vnt.","16"
"2022M10","Kelių eismo įvykiai, kuriuose nukentėjo žmonės","Utenos apskritis","Visi kelių eismo įvykiai","vnt.","5"
"2022M09","Kelių eismo įvykiai, kuriuose nukentėjo žmonės","Lietuvos Respublika","Visi kelių eismo įvykiai","vnt.","270"
"2022M09","Kelių eismo įvykiai, kuriuose nukentėjo žmonės","Sostinės regionas","Visi kelių eismo įvykiai","vnt.","73"
"2022M09","Kelių eismo įvykiai, kuriuose nukentėjo žmonės","Vilniaus apskritis","Visi kelių eismo įvykiai","vnt.","73"
"2022M09","Kelių eismo įvykiai, kuriuose nukentėjo žmonės","Vidurio ir vakarų Lietuvos regionas","Visi kelių eismo įvykiai","vnt.","197"
"2022M09","Kelių eismo įvykiai, kuriuose nukentėjo žmonės","Alytaus apskritis","Visi kelių eismo įvykiai","vnt.","7"
"2022M09","Kelių eismo įvykiai, kuriuose nukentėjo žmonės","Kauno apskritis","Visi kelių eismo įvykiai","vnt.","67"
"2022M09","Kelių eismo įvykiai, kuriuose nukentėjo žmonės","Klaipėdos apskritis","Visi kelių eismo įvykiai","vnt.","34"
"2022M09","Kelių eismo įvykiai, kuriuose nukentėjo žmonės","Marijampolės apskritis","Visi kelių eismo įvykiai","vnt.","13"
"2022M09","Kelių eismo įvykiai, kuriuose nukentėjo žmonės","Panevėžio apskritis","Visi kelių eismo įvykiai","vnt.","31"
"2022M09","Kelių eismo įvykiai, kuriuose nukentėjo žmonės","Šiaulių apskritis","Visi kelių eismo įvykiai","vnt.","17"
"2022M09","Kelių eismo įvykiai, kuriuose nukentėjo žmonės","Tauragės apskritis","Visi kelių eismo įvykiai","vnt.","7"
"2022M09","Kelių eismo įvykiai, kuriuose nukentėjo žmonės","Telšių apskritis","Visi kelių eismo įvykiai","vnt.","15"
"2022M09","Kelių eismo įvykiai, kuriuose nukentėjo žmonės","Utenos apskritis","Visi kelių eismo įvykiai","vnt.","6"
"2022M08","Kelių eismo įvykiai, kuriuose nukentėjo žmonės","Lietuvos Respublika","Visi kelių eismo įvykiai","vnt.","344"
"2022M08","Kelių eismo įvykiai, kuriuose nukentėjo žmonės","Sostinės regionas","Visi kelių eismo įvykiai","vnt.","71"
"2022M08","Kelių eismo įvykiai, kuriuose nukentėjo žmonės","Vilniaus apskritis","Visi kelių eismo įvykiai","vnt.","71"
"2022M08","Kelių eismo įvykiai, kuriuose nukentėjo žmonės","Vidurio ir vakarų Lietuvos regionas","Visi kelių eismo įvykiai","vnt.","273"
"2022M08","Kelių eismo įvykiai, kuriuose nukentėjo žmonės","Alytaus apskritis","Visi kelių eismo įvykiai","vnt.","11"
"2022M08","Kelių eismo įvykiai, kuriuose nukentėjo žmonės","Kauno apskritis","Visi kelių eismo įvykiai","vnt.","90"
"2022M08","Kelių eismo įvykiai, kuriuose nukentėjo žmonės","Klaipėdos apskritis","Visi kelių eismo įvykiai","vnt.","60"
"2022M08","Kelių eismo įvykiai, kuriuose nukentėjo žmonės","Marijampolės apskritis","Visi kelių eismo įvykiai","vnt.","12"
"2022M08","Kelių eismo įvykiai, kuriuose nukentėjo žmonės","Panevėžio apskritis","Visi kelių eismo įvykiai","vnt.","42"
"2022M08","Kelių eismo įvykiai, kuriuose nukentėjo žmonės","Šiaulių apskritis","Visi kelių eismo įvykiai","vnt.","23"
"2022M08","Kelių eismo įvykiai, kuriuose nukentėjo žmonės","Tauragės apskritis","Visi kelių eismo įvykiai","vnt.","5"
"2022M08","Kelių eismo įvykiai, kuriuose nukentėjo žmonės","Telšių apskritis","Visi kelių eismo įvykiai","vnt.","13"
"2022M08","Kelių eismo įvykiai, kuriuose nukentėjo žmonės","Utenos apskritis","Visi kelių eismo įvykiai","vnt.","17"
"2022M07","Kelių eismo įvykiai, kuriuose nukentėjo žmonės","Lietuvos Respublika","Visi kelių eismo įvykiai","vnt.","282"
"2022M07","Kelių eismo įvykiai, kuriuose nukentėjo žmonės","Sostinės regionas","Visi kelių eismo įvykiai","vnt.","72"
"2022M07","Kelių eismo įvykiai, kuriuose nukentėjo žmonės","Vilniaus apskritis","Visi kelių eismo įvykiai","vnt.","72"
"2022M07","Kelių eismo įvykiai, kuriuose nukentėjo žmonės","Vidurio ir vakarų Lietuvos regionas","Visi kelių eismo įvykiai","vnt.","210"
"2022M07","Kelių eismo įvykiai, kuriuose nukentėjo žmonės","Alytaus apskritis","Visi kelių eismo įvykiai","vnt.","13"
"2022M07","Kelių eismo įvykiai, kuriuose nukentėjo žmonės","Kauno apskritis","Visi kelių eismo įvykiai","vnt.","66"
"2022M07","Kelių eismo įvykiai, kuriuose nukentėjo žmonės","Klaipėdos apskritis","Visi kelių eismo įvykiai","vnt.","35"
"2022M07","Kelių eismo įvykiai, kuriuose nukentėjo žmonės","Marijampolės apskritis","Visi kelių eismo įvykiai","vnt.","10"
"2022M07","Kelių eismo įvykiai, kuriuose nukentėjo žmonės","Panevėžio apskritis","Visi kelių eismo įvykiai","vnt.","24"
"2022M07","Kelių eismo įvykiai, kuriuose nukentėjo žmonės","Šiaulių apskritis","Visi kelių eismo įvykiai","vnt.","33"
"2022M07","Kelių eismo įvykiai, kuriuose nukentėjo žmonės","Tauragės apskritis","Visi kelių eismo įvykiai","vnt.","6"
"2022M07","Kelių eismo įvykiai, kuriuose nukentėjo žmonės","Telšių apskritis","Visi kelių eismo įvykiai","vnt.","10"
"2022M07","Kelių eismo įvykiai, kuriuose nukentėjo žmonės","Utenos apskritis","Visi kelių eismo įvykiai","vnt.","13"
"2022M06","Kelių eismo įvykiai, kuriuose nukentėjo žmonės","Lietuvos Respublika","Visi kelių eismo įvykiai","vnt.","290"
"2022M06","Kelių eismo įvykiai, kuriuose nukentėjo žmonės","Sostinės regionas","Visi kelių eismo įvykiai","vnt.","74"
"2022M06","Kelių eismo įvykiai, kuriuose nukentėjo žmonės","Vilniaus apskritis","Visi kelių eismo įvykiai","vnt.","74"
"2022M06","Kelių eismo įvykiai, kuriuose nukentėjo žmonės","Vidurio ir vakarų Lietuvos regionas","Visi kelių eismo įvykiai","vnt.","216"
"2022M06","Kelių eismo įvykiai, kuriuose nukentėjo žmonės","Alytaus apskritis","Visi kelių eismo įvykiai","vnt.","6"
"2022M06","Kelių eismo įvykiai, kuriuose nukentėjo žmonės","Kauno apskritis","Visi kelių eismo įvykiai","vnt.","60"
"2022M06","Kelių eismo įvykiai, kuriuose nukentėjo žmonės","Klaipėdos apskritis","Visi kelių eismo įvykiai","vnt.","52"
"2022M06","Kelių eismo įvykiai, kuriuose nukentėjo žmonės","Marijampolės apskritis","Visi kelių eismo įvykiai","vnt.","11"
"2022M06","Kelių eismo įvykiai, kuriuose nukentėjo žmonės","Panevėžio apskritis","Visi kelių eismo įvykiai","vnt.","26"
"2022M06","Kelių eismo įvykiai, kuriuose nukentėjo žmonės","Šiaulių apskritis","Visi kelių eismo įvykiai","vnt.","31"
"2022M06","Kelių eismo įvykiai, kuriuose nukentėjo žmonės","Tauragės apskritis","Visi kelių eismo įvykiai","vnt.","7"
"2022M06","Kelių eismo įvykiai, kuriuose nukentėjo žmonės","Telšių apskritis","Visi kelių eismo įvykiai","vnt.","13"
"2022M06","Kelių eismo įvykiai, kuriuose nukentėjo žmonės","Utenos apskritis","Visi kelių eismo įvykiai","vnt.","10"
"2022M05","Kelių eismo įvykiai, kuriuose nukentėjo žmonės","Lietuvos Respublika","Visi kelių eismo įvykiai","vnt.","319"
"2022M05","Kelių eismo įvykiai, kuriuose nukentėjo žmonės","Sostinės regionas","Visi kelių eismo įvykiai","vnt.","82"
"2022M05","Kelių eismo įvykiai, kuriuose nukentėjo žmonės","Vilniaus apskritis","Visi kelių eismo įvykiai","vnt.","82"
"2022M05","Kelių eismo įvykiai, kuriuose nukentėjo žmonės","Vidurio ir vakarų Lietuvos regionas","Visi kelių eismo įvykiai","vnt.","237"
"2022M05","Kelių eismo įvykiai, kuriuose nukentėjo žmonės","Alytaus apskritis","Visi kelių eismo įvykiai","vnt.","13"
"2022M05","Kelių eismo įvykiai, kuriuose nukentėjo žmonės","Kauno apskritis","Visi kelių eismo įvykiai","vnt.","81"
"2022M05","Kelių eismo įvykiai, kuriuose nukentėjo žmonės","Klaipėdos apskritis","Visi kelių eismo įvykiai","vnt.","30"
"2022M05","Kelių eismo įvykiai, kuriuose nukentėjo žmonės","Marijampolės apskritis","Visi kelių eismo įvykiai","vnt.","14"
"2022M05","Kelių eismo įvykiai, kuriuose nukentėjo žmonės","Panevėžio apskritis","Visi kelių eismo įvykiai","vnt.","42"
"2022M05","Kelių eismo įvykiai, kuriuose nukentėjo žmonės","Šiaulių apskritis","Visi kelių eismo įvykiai","vnt.","31"
"2022M05","Kelių eismo įvykiai, kuriuose nukentėjo žmonės","Tauragės apskritis","Visi kelių eismo įvykiai","vnt.","8"
"2022M05","Kelių eismo įvykiai, kuriuose nukentėjo žmonės","Telšių apskritis","Visi kelių eismo įvykiai","vnt.","8"
"2022M05","Kelių eismo įvykiai, kuriuose nukentėjo žmonės","Utenos apskritis","Visi kelių eismo įvykiai","vnt.","10"
"2022M04","Kelių eismo įvykiai, kuriuose nukentėjo žmonės","Lietuvos Respublika","Visi kelių eismo įvykiai","vnt.","214"
"2022M04","Kelių eismo įvykiai, kuriuose nukentėjo žmonės","Sostinės regionas","Visi kelių eismo įvykiai","vnt.","66"
"2022M04","Kelių eismo įvykiai, kuriuose nukentėjo žmonės","Vilniaus apskritis","Visi kelių eismo įvykiai","vnt.","66"
"2022M04","Kelių eismo įvykiai, kuriuose nukentėjo žmonės","Vidurio ir vakarų Lietuvos regionas","Visi kelių eismo įvykiai","vnt.","148"
"2022M04","Kelių eismo įvykiai, kuriuose nukentėjo žmonės","Alytaus apskritis","Visi kelių eismo įvykiai","vnt.","15"
"2022M04","Kelių eismo įvykiai, kuriuose nukentėjo žmonės","Kauno apskritis","Visi kelių eismo įvykiai","vnt.","47"
"2022M04","Kelių eismo įvykiai, kuriuose nukentėjo žmonės","Klaipėdos apskritis","Visi kelių eismo įvykiai","vnt.","28"
"2022M04","Kelių eismo įvykiai, kuriuose nukentėjo žmonės","Marijampolės apskritis","Visi kelių eismo įvykiai","vnt.","10"
"2022M04","Kelių eismo įvykiai, kuriuose nukentėjo žmonės","Panevėžio apskritis","Visi kelių eismo įvykiai","vnt.","9"
"2022M04","Kelių eismo įvykiai, kuriuose nukentėjo žmonės","Šiaulių apskritis","Visi kelių eismo įvykiai","vnt.","24"
"2022M04","Kelių eismo įvykiai, kuriuose nukentėjo žmonės","Tauragės apskritis","Visi kelių eismo įvykiai","vnt.","3"
"2022M04","Kelių eismo įvykiai, kuriuose nukentėjo žmonės","Telšių apskritis","Visi kelių eismo įvykiai","vnt.","3"
"2022M04","Kelių eismo įvykiai, kuriuose nukentėjo žmonės","Utenos apskritis","Visi kelių eismo įvykiai","vnt.","9"
"2022M03","Kelių eismo įvykiai, kuriuose nukentėjo žmonės","Lietuvos Respublika","Visi kelių eismo įvykiai","vnt.","173"
"2022M03","Kelių eismo įvykiai, kuriuose nukentėjo žmonės","Sostinės regionas","Visi kelių eismo įvykiai","vnt.","45"
"2022M03","Kelių eismo įvykiai, kuriuose nukentėjo žmonės","Vilniaus apskritis","Visi kelių eismo įvykiai","vnt.","45"
"2022M03","Kelių eismo įvykiai, kuriuose nukentėjo žmonės","Vidurio ir vakarų Lietuvos regionas","Visi kelių eismo įvykiai","vnt.","128"
"2022M03","Kelių eismo įvykiai, kuriuose nukentėjo žmonės","Alytaus apskritis","Visi kelių eismo įvykiai","vnt.","3"
"2022M03","Kelių eismo įvykiai, kuriuose nukentėjo žmonės","Kauno apskritis","Visi kelių eismo įvykiai","vnt.","38"
"2022M03","Kelių eismo įvykiai, kuriuose nukentėjo žmonės","Klaipėdos apskritis","Visi kelių eismo įvykiai","vnt.","27"
"2022M03","Kelių eismo įvykiai, kuriuose nukentėjo žmonės","Marijampolės apskritis","Visi kelių eismo įvykiai","vnt.","4"
"2022M03","Kelių eismo įvykiai, kuriuose nukentėjo žmonės","Panevėžio apskritis","Visi kelių eismo įvykiai","vnt.","22"
"2022M03","Kelių eismo įvykiai, kuriuose nukentėjo žmonės","Šiaulių apskritis","Visi kelių eismo įvykiai","vnt.","16"
"2022M03","Kelių eismo įvykiai, kuriuose nukentėjo žmonės","Tauragės apskritis","Visi kelių eismo įvykiai","vnt.","3"
"2022M03","Kelių eismo įvykiai, kuriuose nukentėjo žmonės","Telšių apskritis","Visi kelių eismo įvykiai","vnt.","7"
"2022M03","Kelių eismo įvykiai, kuriuose nukentėjo žmonės","Utenos apskritis","Visi kelių eismo įvykiai","vnt.","8"
"2022M02","Kelių eismo įvykiai, kuriuose nukentėjo žmonės","Lietuvos Respublika","Visi kelių eismo įvykiai","vnt.","140"
"2022M02","Kelių eismo įvykiai, kuriuose nukentėjo žmonės","Sostinės regionas","Visi kelių eismo įvykiai","vnt.","38"
"2022M02","Kelių eismo įvykiai, kuriuose nukentėjo žmonės","Vilniaus apskritis","Visi kelių eismo įvykiai","vnt.","38"
"2022M02","Kelių eismo įvykiai, kuriuose nukentėjo žmonės","Vidurio ir vakarų Lietuvos regionas","Visi kelių eismo įvykiai","vnt.","102"
"2022M02","Kelių eismo įvykiai, kuriuose nukentėjo žmonės","Alytaus apskritis","Visi kelių eismo įvykiai","vnt.","8"
"2022M02","Kelių eismo įvykiai, kuriuose nukentėjo žmonės","Kauno apskritis","Visi kelių eismo įvykiai","vnt.","34"
"2022M02","Kelių eismo įvykiai, kuriuose nukentėjo žmonės","Klaipėdos apskritis","Visi kelių eismo įvykiai","vnt.","16"
"2022M02","Kelių eismo įvykiai, kuriuose nukentėjo žmonės","Marijampolės apskritis","Visi kelių eismo įvykiai","vnt.","9"
"2022M02","Kelių eismo įvykiai, kuriuose nukentėjo žmonės","Panevėžio apskritis","Visi kelių eismo įvykiai","vnt.","15"
"2022M02","Kelių eismo įvykiai, kuriuose nukentėjo žmonės","Šiaulių apskritis","Visi kelių eismo įvykiai","vnt.","13"
"2022M02","Kelių eismo įvykiai, kuriuose nukentėjo žmonės","Tauragės apskritis","Visi kelių eismo įvykiai","vnt.","3"
"2022M02","Kelių eismo įvykiai, kuriuose nukentėjo žmonės","Telšių apskritis","Visi kelių eismo įvykiai","vnt.","1"
"2022M02","Kelių eismo įvykiai, kuriuose nukentėjo žmonės","Utenos apskritis","Visi kelių eismo įvykiai","vnt.","3"
"2022M01","Kelių eismo įvykiai, kuriuose nukentėjo žmonės","Lietuvos Respublika","Visi kelių eismo įvykiai","vnt.","180"
"2022M01","Kelių eismo įvykiai, kuriuose nukentėjo žmonės","Sostinės regionas","Visi kelių eismo įvykiai","vnt.","49"
"2022M01","Kelių eismo įvykiai, kuriuose nukentėjo žmonės","Vilniaus apskritis","Visi kelių eismo įvykiai","vnt.","49"
"2022M01","Kelių eismo įvykiai, kuriuose nukentėjo žmonės","Vidurio ir vakarų Lietuvos regionas","Visi kelių eismo įvykiai","vnt.","131"
"2022M01","Kelių eismo įvykiai, kuriuose nukentėjo žmonės","Alytaus apskritis","Visi kelių eismo įvykiai","vnt.","11"
"2022M01","Kelių eismo įvykiai, kuriuose nukentėjo žmonės","Kauno apskritis","Visi kelių eismo įvykiai","vnt.","40"
"2022M01","Kelių eismo įvykiai, kuriuose nukentėjo žmonės","Klaipėdos apskritis","Visi kelių eismo įvykiai","vnt.","19"
"2022M01","Kelių eismo įvykiai, kuriuose nukentėjo žmonės","Marijampolės apskritis","Visi kelių eismo įvykiai","vnt.","11"
"2022M01","Kelių eismo įvykiai, kuriuose nukentėjo žmonės","Panevėžio apskritis","Visi kelių eismo įvykiai","vnt.","23"
"2022M01","Kelių eismo įvykiai, kuriuose nukentėjo žmonės","Šiaulių apskritis","Visi kelių eismo įvykiai","vnt.","16"
"2022M01","Kelių eismo įvykiai, kuriuose nukentėjo žmonės","Tauragės apskritis","Visi kelių eismo įvykiai","vnt.","2"
"2022M01","Kelių eismo įvykiai, kuriuose nukentėjo žmonės","Telšių apskritis","Visi kelių eismo įvykiai","vnt.","2"
"2022M01","Kelių eismo įvykiai, kuriuose nukentėjo žmonės","Utenos apskritis","Visi kelių eismo įvykiai","vnt.","7"
